,id,label,avg_sen_len,std_sen_len
0,cn01_para_5,1,21.4,9.951884243699782
1,cn01_para_7,1,22.8,6.43117407632541
2,cn01_para_9,1,9.0,3.9496835316262997
3,cn01_para_12,1,17.6,4.673328578219168
4,cn01_para_40,1,11.2,2.2271057451320084
5,cn01_para_47,1,15.6,4.317406628984581
6,cn01_para_51,1,11.6,4.079215610874228
7,cn02_para_10,1,6.333333333333333,2.3570226039551585
8,cn02_para_14,1,8.333333333333334,0.9428090415820634
9,cn02_para_15,1,10.666666666666666,7.5203427817856525
10,cn02_para_21,1,9.166666666666666,2.4094720491334933
11,cn02_para_32,1,23.4,14.444376068214229
12,cn02_para_33,1,23.2,12.089665007765932
13,cn02_para_34,1,13.6,5.9531504264548865
14,cn03_para_9,1,9.8,4.214261501141095
15,cn03_para_13,1,8.6,2.1540659228538015
16,cn03_para_17,1,12.0,8.582928793055823
17,cn03_para_19,1,11.2,3.370459909270543
18,cn03_para_40,1,11.4,4.963869458396343
19,cn03_para_42,1,12.166666666666666,3.7155828016013257
20,cn03_para_45,1,14.4,5.535341001239218
21,cn03_para_47,1,10.166666666666666,4.179978734661484
22,cn03_para_56,1,11.5,5.188127472091127
23,cn04_para_3,1,10.666666666666666,3.3499585403736303
24,cn04_para_17,1,14.666666666666666,11.055415967851333
25,cn04_para_27,1,8.2,3.867815921162743
26,cn04_para_28,1,14.8,7.166589146867568
27,cn04_para_38,1,13.5,5.678908345800274
28,cn04_para_39,1,16.2,4.578209256903839
29,cn05_para_4,1,7.6,3.32264954516723
30,cn05_para_7,1,20.8,12.952219886953742
31,cn05_para_14,1,9.0,3.2145502536643185
32,cn05_para_15,1,11.666666666666666,5.647024782032472
33,cn05_para_17,1,16.6,6.681317235396027
34,cn05_para_20,1,15.6,3.9293765408777004
35,cn05_para_23,1,10.833333333333334,3.337497399083464
36,cn05_para_26,1,12.6,7.002856560004639
37,cn05_para_27,1,6.2,1.7204650534085253
38,cn05_para_29,1,6.833333333333333,3.435921354681384
39,cn05_para_34,1,15.6,4.5431266766402185
40,cn05_para_36,1,14.0,5.403702434442518
41,cn05_para_39,1,16.8,5.74108003776293
42,cn05_para_40,1,13.2,8.749857141690944
43,cn05_para_41,1,11.2,5.418486873657627
44,cn05_para_43,1,19.6,6.151422599691879
45,cn07_para_19,1,8.833333333333334,5.4594464513864
46,cn07_para_24,1,13.2,5.528109984434101
47,cn07_para_27,1,9.8,3.1874754901018454
48,cn07_para_33,1,18.666666666666668,12.957194483717874
49,cn07_para_56,1,6.833333333333333,2.1147629234082532
50,cn07_para_60,1,6.333333333333333,2.9249881291307074
51,cn07_para_72,1,17.0,6.6332495807108
52,cn07_para_73,1,10.5,5.024937810560445
53,cn07_para_78,1,10.0,3.3166247903554
54,cn08_para_3,1,19.4,12.142487389328432
55,cn08_para_9,1,15.2,5.114684741017769
56,cn08_para_13,1,16.5,4.387482193696061
57,cn08_para_14,1,21.8,8.109253973085318
58,cn08_para_16,1,16.833333333333332,6.718548123582124
59,cn08_para_19,1,20.8,6.431174076325411
60,cn08_para_21,1,18.8,6.177378084592201
61,cn09_para_4,1,7.8,4.214261501141095
62,cn09_para_13,1,12.833333333333334,3.9334745737353156
63,cn09_para_26,1,16.2,3.9698866482558417
64,cn09_para_29,1,18.8,11.124747188138704
65,cn09_para_30,1,21.4,9.645724441429996
66,cn09_para_32,1,18.0,4.69041575982343
67,cn09_para_39,1,10.333333333333334,4.027681991198191
68,cn09_para_41,1,12.333333333333334,7.630348761506397
69,cn09_para_49,1,11.4,4.8
70,cn09_para_51,1,15.0,6.95221787153807
71,cn09_para_52,1,11.8,6.20966987850401
72,cn09_para_53,1,9.2,6.046486583132389
73,cn10_para_1,1,18.4,6.829348431585549
74,cn10_para_3,1,17.4,5.388877434122992
75,cn10_para_7,1,10.8,5.1146847410177685
76,cn10_para_9,1,12.5,5.283622494715786
77,cn10_para_13,1,9.833333333333334,3.131382371342656
78,cn10_para_16,1,5.0,2.7688746209726918
79,cn10_para_28,1,15.0,5.066228051190222
80,cn10_para_29,1,14.8,8.471127433818948
81,cn10_para_31,1,12.5,4.387482193696061
82,cn10_para_37,1,15.833333333333334,4.2196629670573875
83,cn10_para_42,1,12.8,2.9257477676655586
84,cn10_para_49,1,6.6,2.5768197453450252
85,cn11_para_1,1,17.666666666666668,4.853406592853679
86,cn11_para_7,1,12.6,3.6660605559646724
87,cn11_para_9,1,17.4,10.781465577554844
88,cn11_para_13,1,18.8,5.74108003776293
89,cn11_para_31,1,25.0,10.881176406988354
90,cn11_para_33,1,17.0,9.316651759081692
91,cn12_para_11,1,14.6,7.310266752998826
92,cn12_para_16,1,14.4,2.870540018881465
93,cn12_para_27,1,10.833333333333334,3.131382371342656
94,cn12_para_46,1,15.2,7.05407683541936
95,cn13_para_5,1,8.833333333333334,5.814254514170802
96,cn13_para_9,1,15.4,6.1838499334961226
97,cn13_para_12,1,21.2,19.752468200202223
98,cn13_para_23,1,19.6,7.445804187594515
99,cn13_para_25,1,24.6,8.685620300243386
100,cn14_para_5,1,19.0,5.773502691896258
101,cn14_para_10,1,13.5,10.1447851956888
102,cn14_para_13,1,11.666666666666666,6.497862896539309
103,cn14_para_17,1,15.4,7.964923100695951
104,cn14_para_26,1,9.2,3.9698866482558417
105,cn14_para_34,1,12.8,4.578209256903839
106,cn14_para_35,1,12.2,4.955804677345546
107,cn14_para_40,1,13.8,6.11228271597445
108,cn14_para_44,1,14.4,5.083306010855534
109,cn15_para_1,1,18.6,8.380930735902785
110,cn15_para_2,1,16.8,9.80612053770501
111,cn15_para_3,1,17.4,2.4166091947189146
112,cn15_para_13,1,16.8,6.9397406291589885
113,cn15_para_16,1,13.0,5.059644256269407
114,cn15_para_17,1,15.166666666666666,8.029459646963936
115,cn15_para_19,1,8.833333333333334,3.0776975521032313
116,cn15_para_22,1,16.2,4.166533331199932
117,cn15_para_30,1,5.2,1.7204650534085253
118,cn15_para_35,1,7.2,3.124099870362662
119,cn16_para_4,1,14.8,9.15204895091804
120,cn16_para_19,1,37.4,22.204504047602594
121,cn16_para_35,1,13.2,3.249615361854384
122,cn16_para_41,1,8.666666666666666,6.574360974438673
123,cn17_para_2,1,10.666666666666666,12.736648783028535
124,cn17_para_3,1,10.6,7.172168430816444
125,cn17_para_4,1,19.6,12.09297316626478
126,cn17_para_19,1,24.8,20.5951450589696
127,cn17_para_23,1,8.0,3.847076812334269
128,cn17_para_29,1,14.0,2.280350850198276
129,cn17_para_41,1,11.833333333333334,5.4594464513864
130,cn17_para_45,1,5.0,3.3466401061363023
131,cn17_para_48,1,12.2,6.337191807101944
132,cn18_para_3,1,18.166666666666668,6.011562932290477
133,cn18_para_4,1,17.666666666666668,7.386173268720113
134,cn18_para_10,1,16.333333333333332,7.475887164001935
135,cn18_para_11,1,25.5,11.557825631723873
136,cn19_para_0,1,21.5,10.323920443965719
137,cn20_para_1,1,17.4,7.525955088890711
138,cn20_para_3,1,14.2,7.984985911070852
139,cn20_para_5,1,11.2,4.166533331199932
140,cn20_para_14,1,9.0,3.0550504633038935
141,cn20_para_18,1,17.0,6.324555320336759
142,cn20_para_22,1,18.4,10.480458005259122
143,cn20_para_31,1,16.833333333333332,8.234412884690418
144,cn20_para_39,1,12.2,4.749736834815167
145,cn20_para_43,1,17.0,8.508818954473059
146,cn20_para_48,1,16.0,5.329165037789691
147,cn21_para_7,1,16.0,5.761944116355173
148,cn21_para_22,1,16.4,7.605261336732618
149,cn21_para_25,1,11.2,6.144916598294887
150,cn21_para_29,1,11.8,5.844655678480983
151,cn21_para_31,1,10.0,3.9496835316262997
152,cn21_para_33,1,12.833333333333334,6.542595475463508
153,cn21_para_36,1,12.2,5.418486873657627
154,cn21_para_41,1,14.6,9.478396488858229
155,cn22_para_1,1,16.5,3.905124837953327
156,cn22_para_6,1,14.8,7.934733769950949
157,cn22_para_11,1,26.166666666666668,6.2826922749902545
158,cn22_para_23,1,9.6,3.2619012860600183
159,cn22_para_29,1,20.0,9.57078889120432
160,cn22_para_31,1,15.5,4.958158260214505
161,cn22_para_34,1,18.2,13.481839637082173
162,cn23_para_5,1,13.0,13.114877048604
163,cn23_para_9,1,13.2,10.476640682967036
164,cn23_para_17,1,22.833333333333332,4.775516260631468
165,cn23_para_19,1,17.8,14.2464030548065
166,cn23_para_22,1,21.333333333333332,11.585431464655178
167,cn24_para_1,1,13.0,5.253570214625479
168,cn24_para_5,1,14.0,8.679477710861024
169,cn24_para_10,1,11.666666666666666,8.158158833680279
170,cn24_para_14,1,14.0,7.4565407529228995
171,cn24_para_17,1,14.2,5.5641710972974225
172,cn24_para_22,1,23.4,10.781465577554844
173,cn24_para_29,1,6.8,3.0594117081556713
174,cn24_para_32,1,19.0,3.521363372331802
175,cn24_para_43,1,12.8,2.0396078054371136
176,cn24_para_49,1,16.0,8.602325267042627
177,cn25_para_4,1,14.6,5.885575587824865
178,cn25_para_9,1,20.333333333333332,10.176225014982498
179,cn25_para_12,1,15.666666666666666,6.262764742685312
180,cn25_para_15,1,15.2,5.418486873657626
181,cn25_para_18,1,13.2,5.912698199637793
182,cn25_para_24,1,7.4,3.6110940170535577
183,cn25_para_38,1,12.0,1.6733200530681511
184,cn25_para_40,1,13.0,7.047458170621991
185,cn26_para_7,1,14.166666666666666,5.927806414592913
186,cn26_para_10,1,11.8,2.7856776554368237
187,cn27_para_2,1,28.2,7.547184905645283
188,cn27_para_4,1,21.5,10.965856099730654
189,cn27_para_5,1,18.833333333333332,17.84579004197411
190,cn27_para_18,1,11.0,6.418722614352485
191,cn27_para_40,1,18.6,6.374950980203691
192,cn28_para_18,1,8.4,2.0591260281974
193,cn28_para_21,1,17.4,5.817215828899594
194,cn28_para_39,1,23.8,6.64529909033446
195,cn29_para_9,1,14.6,7.418894796396563
196,cn29_para_24,1,10.5,3.774917217635375
197,cn29_para_25,1,10.666666666666666,5.962847939999439
198,cn29_para_37,1,8.4,3.9293765408777004
199,cn29_para_56,1,9.5,4.890466917040404
200,cn29_para_57,1,7.6,2.5768197453450252
201,cn29_para_62,1,13.0,5.259911279353167
202,cn29_para_69,1,18.4,8.114185110040317
203,ck01_para_12,1,18.4,9.76933979345585
204,ck01_para_24,1,7.666666666666667,3.5433819375782165
205,ck01_para_27,1,8.833333333333334,2.5440562537456244
206,ck01_para_28,1,10.5,7.22841614740048
207,ck01_para_29,1,11.166666666666666,6.914156170897179
208,ck01_para_38,1,18.8,9.987992791347018
209,ck01_para_42,1,11.0,5.403702434442518
210,ck02_para_2,1,16.333333333333332,6.368324391514267
211,ck02_para_5,1,19.2,6.968500556073738
212,ck02_para_10,1,22.833333333333332,5.489889697333535
213,ck02_para_12,1,12.0,5.446711546122731
214,ck02_para_18,1,14.666666666666666,4.268749491621899
215,ck02_para_20,1,20.6,9.666436778875658
216,ck03_para_9,1,19.0,19.638397762207248
217,ck03_para_10,1,26.6,14.664242223858686
218,ck03_para_15,1,13.8,4.995998398718719
219,ck03_para_18,1,9.8,6.144916598294887
220,ck04_para_10,1,15.5,5.123475382979799
221,ck04_para_11,1,25.5,16.439282222773596
222,ck04_para_12,1,18.8,14.985326155943355
223,ck05_para_1,1,10.0,2.943920288775949
224,ck05_para_2,1,11.666666666666666,3.197221015541813
225,ck05_para_3,1,8.2,3.4292856398964493
226,ck05_para_4,1,11.0,5.163977794943222
227,ck05_para_5,1,19.4,14.305243793798134
228,ck05_para_8,1,10.8,3.9698866482558417
229,ck05_para_16,1,9.6,4.029888335921977
230,ck05_para_17,1,9.8,2.481934729198171
231,ck05_para_20,1,19.6,12.90891165048394
232,ck05_para_27,1,16.4,18.97998946258928
233,ck05_para_36,1,15.2,4.707440918375928
234,ck05_para_39,1,10.4,4.586937976471886
235,ck06_para_1,1,11.333333333333334,2.2110831935702664
236,ck06_para_3,1,14.0,8.07465169527454
237,ck06_para_5,1,7.0,3.3166247903554
238,ck06_para_10,1,7.6,3.2619012860600183
239,ck06_para_17,1,15.333333333333334,4.459696053419884
240,ck06_para_22,1,21.0,14.832396974191326
241,ck06_para_31,1,16.666666666666668,7.781745019952501
242,ck06_para_33,1,15.0,3.1622776601683795
243,ck06_para_36,1,12.166666666666666,4.9805175991613115
244,ck06_para_43,1,15.0,5.477225575051661
245,ck08_para_3,1,10.166666666666666,6.8170537787391865
246,ck08_para_13,1,13.2,8.930845424706442
247,ck08_para_21,1,12.5,10.1447851956888
248,ck08_para_26,1,14.2,7.984985911070852
249,ck08_para_38,1,9.4,1.8547236990991407
250,ck09_para_7,1,26.8,8.304215796810679
251,ck09_para_8,1,21.2,2.9257477676655586
252,ck09_para_10,1,27.333333333333332,8.158158833680279
253,ck09_para_12,1,17.6,9.00222194794152
254,ck10_para_11,1,27.6,7.28285658241325
255,ck10_para_13,1,18.6,7.391887445030531
256,ck10_para_15,1,15.2,7.025667228100119
257,ck10_para_20,1,12.166666666666666,7.151145984308311
258,ck10_para_24,1,14.4,5.885575587824865
259,ck10_para_34,1,16.2,5.74108003776293
260,ck10_para_41,1,14.666666666666666,4.14996653266291
261,ck11_para_1,1,17.8,11.303096920755834
262,ck11_para_4,1,25.0,17.73884626086676
263,ck11_para_12,1,16.6,7.657675887630659
264,ck11_para_17,1,12.6,6.529931086925803
265,ck11_para_21,1,9.0,5.163977794943222
266,ck11_para_26,1,17.0,8.555699854482976
267,ck11_para_29,1,12.6,1.624807680927192
268,ck11_para_33,1,9.8,3.655133376499413
269,ck11_para_39,1,10.5,3.8622100754188224
270,ck12_para_2,1,10.4,2.4979991993593593
271,ck12_para_6,1,13.2,4.833218389437829
272,ck12_para_8,1,10.166666666666666,4.374801582802229
273,ck12_para_11,1,24.5,19.345542122153102
274,ck12_para_12,1,22.666666666666668,7.386173268720113
275,ck12_para_14,1,20.6,11.46472851837321
276,ck12_para_18,1,13.666666666666666,7.781745019952502
277,ck12_para_19,1,15.166666666666666,7.357913351548039
278,ck13_para_8,1,14.4,5.238320341483519
279,ck13_para_28,1,13.166666666666666,10.82307206336948
280,ck13_para_29,1,9.166666666666666,1.3437096247164249
281,ck14_para_11,1,21.2,4.3999999999999995
282,ck14_para_12,1,21.4,8.777243302996677
283,ck14_para_20,1,4.4,1.8547236990991407
284,ck14_para_22,1,12.166666666666666,6.413960468297953
285,ck14_para_25,1,19.0,8.318653737234168
286,ck14_para_36,1,14.833333333333334,8.112062349091971
287,ck15_para_4,1,14.2,4.1182520563948
288,ck15_para_5,1,22.6,4.673328578219169
289,ck15_para_8,1,15.4,7.631513611335565
290,ck15_para_14,1,28.0,10.564090116995406
291,ck15_para_15,1,23.8,8.726969691708572
292,ck15_para_17,1,18.6,4.586937976471886
293,ck15_para_38,1,12.6,9.436100889668358
294,ck16_para_0,1,27.2,11.54816002660164
295,ck16_para_4,1,19.166666666666668,8.89600409672168
296,ck16_para_7,1,22.166666666666668,10.414999866645328
297,ck16_para_12,1,19.333333333333332,8.259674462242577
298,ck16_para_17,1,13.5,9.322910847297997
299,ck16_para_21,1,13.0,3.5777087639996634
300,ck17_para_10,1,10.6,4.673328578219169
301,ck17_para_13,1,6.666666666666667,4.307615994440028
302,ck17_para_15,1,15.6,7.49933330370107
303,ck17_para_17,1,20.166666666666668,13.9453297638393
304,ck17_para_21,1,14.4,3.0724582991474434
305,ck17_para_50,1,12.0,3.794733192202055
306,ck17_para_56,1,14.333333333333334,3.5433819375782165
307,ck18_para_3,1,22.0,17.44706279005151
308,ck18_para_8,1,9.333333333333334,4.533823502911814
309,ck18_para_9,1,8.0,1.2909944487358056
310,ck18_para_14,1,13.6,7.2277243998370615
311,ck18_para_15,1,14.0,10.214368964029708
312,ck18_para_17,1,15.0,9.715966241192895
313,ck18_para_22,1,12.5,5.057996968497839
314,ck18_para_23,1,13.666666666666666,3.7712361663282534
315,ck18_para_27,1,16.8,7.19444229944198
316,ck18_para_30,1,15.833333333333334,7.797791710193057
317,ck18_para_32,1,15.2,5.3065996645686395
318,ck19_para_0,1,28.0,8.0
319,ck19_para_2,1,27.0,15.695009822658072
320,ck19_para_3,1,16.833333333333332,10.699169230469355
321,ck19_para_4,1,27.333333333333332,11.32352516764202
322,ck19_para_6,1,26.666666666666668,15.659572862061795
323,ck19_para_13,1,25.6,7.964923100695951
324,ck19_para_14,1,19.333333333333332,16.549588783075215
325,ck19_para_18,1,11.0,4.147288270665544
326,ck19_para_19,1,7.6,1.3564659966250536
327,ck20_para_2,1,21.666666666666668,7.930251502246879
328,ck20_para_11,1,17.6,13.54400236266961
329,ck20_para_31,1,12.0,5.692099788303083
330,ck20_para_44,1,9.833333333333334,2.1147629234082532
331,ck21_para_5,1,6.166666666666667,2.034425935955617
332,ck21_para_32,1,8.5,2.9297326385411577
333,ck21_para_38,1,9.2,2.481934729198171
334,ck22_para_15,1,27.8,12.528367810692659
335,ck24_para_0,1,25.833333333333332,16.78706512632734
336,ck24_para_24,1,7.5,3.095695936834452
337,ck24_para_40,1,9.0,3.6514837167011076
338,ck24_para_49,1,21.0,21.099763031844695
339,ck24_para_56,1,7.4,2.4166091947189146
340,ck24_para_67,1,6.2,1.16619037896906
341,ck25_para_1,1,29.666666666666668,19.813014802284773
342,ck26_para_2,1,21.666666666666668,9.104333522498441
343,ck26_para_3,1,21.0,8.812869377601524
344,ck26_para_4,1,18.0,2.7688746209726918
345,ck26_para_5,1,17.5,8.864724097981467
346,ck26_para_35,1,13.0,10.44030650891055
347,ck27_para_3,1,18.166666666666668,8.629728977333079
348,ck27_para_7,1,24.333333333333332,6.699917080747261
349,ck27_para_9,1,23.4,12.690153663372245
350,ck28_para_0,1,23.6,9.891410415102591
351,ck28_para_4,1,13.8,11.08873302050329
352,ck28_para_6,1,12.4,5.986651818838306
353,ck28_para_19,1,18.8,11.461239025515521
354,ck28_para_22,1,11.333333333333334,3.590109871423003
355,ck28_para_32,1,9.666666666666666,7.824463062870335
356,ck28_para_39,1,14.8,8.634813257969162
357,ck28_para_42,1,13.6,3.7202150475476548
358,ck28_para_48,1,14.0,7.0710678118654755
359,ck29_para_3,1,52.166666666666664,16.77713390964685
360,ck29_para_6,1,19.0,10.825894882179487
361,ck29_para_9,1,15.333333333333334,10.225241100118645
362,ck29_para_10,1,31.2,11.754148203932091
363,ck29_para_13,1,21.5,10.70436048222094
364,cl01_para_3,1,21.333333333333332,11.234866364235144
365,cl01_para_6,1,7.8,3.124099870362662
366,cl01_para_35,1,22.4,13.440238093129155
367,cl01_para_36,1,13.5,6.422616289332565
368,cl02_para_13,1,17.4,9.134549797335389
369,cl02_para_19,1,8.6,1.3564659966250536
370,cl02_para_22,1,10.8,2.4819347291981715
371,cl02_para_32,1,16.5,4.645786621588784
372,cl02_para_47,1,14.4,7.28285658241325
373,cl03_para_9,1,16.0,8.103497187428813
374,cl03_para_10,1,20.2,7.652450587883597
375,cl03_para_11,1,12.333333333333334,5.734883511361751
376,cl03_para_14,1,27.0,38.225645841502796
377,cl03_para_24,1,12.8,6.079473661428265
378,cl03_para_43,1,18.166666666666668,13.056501147789257
379,cl03_para_61,1,6.8,4.621688003316537
380,cl04_para_21,1,15.166666666666666,9.855906294648346
381,cl04_para_24,1,12.333333333333334,5.022173057773122
382,cl04_para_29,1,16.666666666666668,7.888106377466154
383,cl04_para_34,1,13.6,8.357032966310472
384,cl04_para_38,1,11.5,5.408326913195984
385,cl05_para_23,1,9.5,2.29128784747792
386,cl05_para_31,1,17.0,7.64198926981712
387,cl05_para_33,1,16.0,3.1622776601683795
388,cl05_para_44,1,20.2,10.007996802557443
389,cl06_para_2,1,20.6,5.043808085167396
390,cl06_para_3,1,22.0,6.841052550594828
391,cl06_para_4,1,14.833333333333334,4.844813951249544
392,cl06_para_9,1,13.4,4.409081537009721
393,cl06_para_13,1,11.0,5.291502622129181
394,cl06_para_15,1,13.833333333333334,10.31853779477607
395,cl06_para_18,1,11.6,7.1442284397967
396,cl06_para_20,1,12.833333333333334,3.8908725099762504
397,cl06_para_23,1,13.6,9.068627239003707
398,cl06_para_24,1,13.666666666666666,4.307615994440028
399,cl06_para_26,1,12.2,5.192301994298868
400,cl06_para_27,1,15.6,3.3226495451672298
401,cl07_para_9,1,19.166666666666668,9.65084912786895
402,cl07_para_14,1,7.833333333333333,3.1841621957571333
403,cl07_para_45,1,14.0,3.5777087639996634
404,cl07_para_51,1,13.833333333333334,7.104380495315704
405,cl08_para_1,1,17.6,8.357032966310472
406,cl08_para_2,1,10.333333333333334,3.5901098714230026
407,cl08_para_3,1,13.2,6.273754856543249
408,cl08_para_21,1,15.333333333333334,12.74972766593685
409,cl08_para_22,1,32.166666666666664,22.37123649292149
410,cl09_para_0,1,8.6,1.0198039027185568
411,cl09_para_4,1,14.8,7.573638491504595
412,cl09_para_10,1,17.0,3.5118845842842465
413,cl09_para_12,1,20.4,12.419339757008018
414,cl09_para_20,1,11.166666666666666,3.760171390892826
415,cl09_para_24,1,9.6,3.9799497484264794
416,cl09_para_26,1,12.166666666666666,6.517071598672384
417,cl09_para_28,1,22.5,8.077747210701755
418,cl09_para_32,1,14.833333333333334,2.9107081994288304
419,cl09_para_36,1,14.8,5.979966555090422
420,cl10_para_1,1,12.5,6.211548384528075
421,cl10_para_9,1,10.0,5.196152422706632
422,cl10_para_27,1,6.833333333333333,1.950783318453271
423,cl11_para_9,1,7.666666666666667,1.8856180831641267
424,cl11_para_25,1,14.2,13.090454537562858
425,cl11_para_39,1,22.0,12.806248474865697
426,cl12_para_3,1,8.5,3.2015621187164243
427,cl12_para_8,1,13.5,5.937171043518958
428,cl12_para_14,1,12.5,6.4485140407177015
429,cl12_para_20,1,19.666666666666668,10.450943604393922
430,cl12_para_26,1,12.166666666666666,3.3870669054835956
431,cl12_para_34,1,11.2,5.946427498927402
432,cl12_para_36,1,15.833333333333334,5.398044913567215
433,cl12_para_39,1,11.833333333333334,6.8170537787391865
434,cl12_para_43,1,10.333333333333334,6.262764742685312
435,cl12_para_48,1,9.5,5.057996968497839
436,cl12_para_49,1,11.2,8.109253973085318
437,cl13_para_14,1,11.5,2.4324199198877374
438,cl13_para_16,1,7.8,1.7204650534085253
439,cl13_para_30,1,11.0,6.027713773341708
440,cl13_para_32,1,20.666666666666668,10.888321980707383
441,cl13_para_33,1,12.5,5.795112883571237
442,cl13_para_45,1,10.6,4.586937976471886
443,cl13_para_47,1,7.333333333333333,1.1055415967851332
444,cl13_para_49,1,13.0,7.393691004272944
445,cl14_para_0,1,19.5,14.637281168304447
446,cl14_para_3,1,20.8,10.380751417888785
447,cl14_para_20,1,16.0,4.381780460041329
448,cl14_para_21,1,17.2,8.084553172563094
449,cl14_para_22,1,11.0,7.416198487095663
450,cl14_para_24,1,14.4,2.4166091947189146
451,cl14_para_28,1,7.6,1.9595917942265424
452,cl15_para_2,1,13.8,7.30479294709987
453,cl15_para_17,1,22.833333333333332,9.136313382443829
454,cl15_para_23,1,13.833333333333334,10.350791703482825
455,cl15_para_24,1,11.5,5.251983752196243
456,cl15_para_42,1,19.2,3.919183588453085
457,cl15_para_45,1,9.0,4.774934554525329
458,cl16_para_2,1,11.0,4.203173404306164
459,cl16_para_4,1,8.6,1.8547236990991407
460,cl16_para_12,1,8.5,3.8622100754188224
461,cl16_para_17,1,11.8,8.704022058795577
462,cl16_para_28,1,15.6,7.863841300535
463,cl16_para_34,1,13.333333333333334,9.285592184789412
464,cl17_para_6,1,11.4,5.885575587824865
465,cl17_para_13,1,8.6,5.314132102234569
466,cl17_para_28,1,15.4,11.92644121270046
467,cl17_para_33,1,20.666666666666668,11.67142760000773
468,cl17_para_48,1,19.8,10.4
469,cl18_para_1,1,22.5,6.800735254367722
470,cl18_para_2,1,23.8,4.995998398718719
471,cl18_para_10,1,14.6,9.436100889668358
472,cl18_para_17,1,15.8,6.881860213634101
473,cl18_para_18,1,17.333333333333332,8.013876853447538
474,cl18_para_19,1,24.2,4.214261501141095
475,cl18_para_40,1,20.0,5.8594652770823155
476,cl18_para_42,1,14.166666666666666,2.266911751455907
477,cl19_para_5,1,15.5,6.103277807866851
478,cl19_para_16,1,13.4,3.2
479,cl19_para_17,1,14.8,5.30659966456864
480,cl19_para_21,1,20.6,6.343500610861483
481,cl19_para_29,1,9.666666666666666,5.587684871413403
482,cl19_para_36,1,17.0,10.23067283548187
483,cl19_para_37,1,19.166666666666668,7.73340517208012
484,cl19_para_39,1,18.4,10.55651457631732
485,cl20_para_3,1,17.333333333333332,3.5433819375782165
486,cl20_para_5,1,10.0,6.06630035524124
487,cl20_para_7,1,15.666666666666666,9.012337223063849
488,cl20_para_37,1,12.833333333333334,3.1841621957571333
489,cl20_para_50,1,15.833333333333334,6.335525936249404
490,cl21_para_5,1,10.6,4.079215610874228
491,cl21_para_6,1,8.333333333333334,3.815174380753199
492,cl21_para_9,1,7.8,2.7856776554368237
493,cl21_para_25,1,8.4,2.4166091947189146
494,cl21_para_56,1,11.0,5.059644256269407
495,cl21_para_60,1,12.333333333333334,7.86694914747063
496,cl22_para_1,1,17.0,7.187952884282608
497,cl23_para_0,1,14.0,5.585696017507576
498,cl23_para_28,1,13.333333333333334,6.574360974438674
499,cl23_para_29,1,17.333333333333332,11.41149517908246
500,cl23_para_35,1,9.0,3.872983346207417
501,cl23_para_37,1,15.166666666666666,2.3392781412697
502,cl24_para_3,1,11.833333333333334,3.6247605284885913
503,cl24_para_9,1,12.4,7.525955088890711
504,cl24_para_10,1,12.6,5.122499389946279
505,cl24_para_14,1,11.333333333333334,4.714045207910316
506,cl24_para_21,1,11.333333333333334,7.272474743090476
507,cl24_para_22,1,13.8,3.54400902933387
508,cl24_para_23,1,7.6,3.97994974842648
509,cl24_para_24,1,13.4,6.916646586316233
510,cl24_para_25,1,14.166666666666666,5.6984403324262525
511,cl24_para_28,1,12.6,5.314132102234569
512,cl24_para_29,1,17.8,4.833218389437829
513,cl24_para_32,1,19.2,7.249827584156743
514,cl24_para_35,1,15.666666666666666,11.308796969124916
515,cl24_para_37,1,10.6,2.5768197453450252
516,cp01_para_14,1,11.6,4.409081537009721
517,cp01_para_16,1,11.666666666666666,6.599663291074444
518,cp01_para_21,1,16.8,6.675327707311455
519,cp01_para_22,1,16.2,7.386474125047755
520,cp01_para_28,1,19.0,9.018499505645789
521,cp02_para_28,1,20.833333333333332,9.529194905948536
522,cp02_para_39,1,45.0,12.727922061357855
523,cp03_para_6,1,15.4,8.42852300228219
524,cp03_para_8,1,8.8,3.867815921162743
525,cp03_para_19,1,14.833333333333334,4.8790937227681495
526,cp03_para_24,1,22.0,11.74734012447073
527,cp03_para_32,1,17.0,11.713240371477058
528,cp03_para_34,1,27.833333333333332,15.826314233649674
529,cp03_para_42,1,10.333333333333334,3.34995854037363
530,cp04_para_14,1,14.0,4.6475800154489
531,cp04_para_15,1,18.4,6.740919818541086
532,cp04_para_17,1,13.0,7.042726744663604
533,cp04_para_19,1,12.4,4.498888751680797
534,cp04_para_21,1,17.6,9.891410415102591
535,cp04_para_22,1,13.2,4.915282290977803
536,cp04_para_29,1,24.4,12.273548794053006
537,cp04_para_40,1,24.8,13.804347141389918
538,cp05_para_1,1,21.8,10.590561835898981
539,cp05_para_3,1,25.2,16.387800340497197
540,cp05_para_11,1,10.0,5.477225575051661
541,cp05_para_15,1,17.2,11.565465835840769
542,cp05_para_17,1,17.333333333333332,9.516068282413464
543,cp05_para_24,1,27.6,10.05186549850325
544,cp05_para_26,1,7.8,1.9390719429665317
545,cp06_para_10,1,12.8,5.3814496188294845
546,cp06_para_20,1,13.166666666666666,5.785518319236594
547,cp06_para_23,1,11.4,4.882622246293481
548,cp06_para_25,1,9.2,5.114684741017769
549,cp06_para_28,1,8.6,1.8547236990991407
550,cp06_para_30,1,13.666666666666666,4.346134936801766
551,cp06_para_31,1,17.166666666666668,9.334821309960297
552,cp06_para_32,1,13.4,5.314132102234569
553,cp06_para_33,1,17.2,8.588364221433556
554,cp06_para_34,1,19.833333333333332,6.121455890735652
555,cp06_para_39,1,13.8,7.19444229944198
556,cp06_para_43,1,11.8,5.491812087098392
557,cp07_para_20,1,27.0,5.329165037789691
558,cp07_para_24,1,19.833333333333332,10.462897410479671
559,cp07_para_25,1,15.2,6.523802572120036
560,cp07_para_27,1,15.166666666666666,5.2094998693625945
561,cp07_para_28,1,13.6,7.812809993849845
562,cp08_para_11,1,9.4,5.571355310873647
563,cp08_para_15,1,9.4,4.882622246293481
564,cp09_para_0,1,11.0,7.187952884282608
565,cp09_para_1,1,12.2,6.013318551349163
566,cp09_para_2,1,44.4,48.45038699535846
567,cp09_para_7,1,34.333333333333336,19.084606944399514
568,cp10_para_4,1,18.5,13.683932183404009
569,cp10_para_8,1,10.2,7.277362159464101
570,cp10_para_9,1,11.666666666666666,7.909207011803115
571,cp10_para_12,1,31.4,17.715529910222838
572,cp10_para_13,1,15.2,8.034923770640267
573,cp11_para_14,1,24.5,14.326548781894402
574,cp11_para_18,1,23.2,10.107423014794623
575,cp11_para_23,1,15.0,6.164414002968976
576,cp11_para_24,1,26.0,15.05988047761336
577,cp11_para_25,1,15.666666666666666,3.0912061651652345
578,cp11_para_26,1,25.6,9.068627239003707
579,cp11_para_27,1,20.833333333333332,12.562068124140847
580,cp11_para_29,1,33.333333333333336,15.849991237291654
581,cp11_para_30,1,18.5,9.895285072531598
582,cp12_para_37,1,11.2,5.3065996645686395
583,cp13_para_10,1,9.6,4.882622246293481
584,cp13_para_11,1,26.4,11.359577456930342
585,cp13_para_12,1,11.4,7.310266752998826
586,cp13_para_14,1,13.4,7.391887445030532
587,cp13_para_26,1,21.333333333333332,10.57775443508162
588,cp13_para_29,1,20.4,7.418894796396564
589,cp13_para_33,1,25.333333333333332,15.509853498842455
590,cp14_para_8,1,13.4,10.229369482035539
591,cp14_para_10,1,7.6,2.33238075793812
592,cp14_para_16,1,10.0,3.8987177379235853
593,cp14_para_18,1,7.2,3.124099870362662
594,cp14_para_20,1,13.4,4.963869458396343
595,cp14_para_29,1,9.8,3.9191835884530852
596,cp14_para_33,1,7.8,2.9257477676655586
597,cp14_para_40,1,7.2,3.249615361854384
598,cp14_para_41,1,7.0,1.5275252316519468
599,cp14_para_46,1,8.333333333333334,1.1055415967851334
600,cp14_para_48,1,9.666666666666666,4.853406592853679
601,cp15_para_1,1,12.2,5.418486873657626
602,cp15_para_8,1,20.6,10.190191362285598
603,cp15_para_9,1,16.2,8.681013765684282
604,cp15_para_12,1,12.6,8.16333265278342
605,cp15_para_14,1,17.833333333333332,5.013869652163774
606,cp15_para_15,1,9.8,3.249615361854384
607,cp15_para_27,1,18.2,5.81033561853358
608,cp15_para_28,1,15.6,10.85541339608953
609,cp15_para_30,1,28.833333333333332,15.355961564016612
610,cp15_para_39,1,12.833333333333334,6.202598021976132
611,cp15_para_42,1,9.833333333333334,4.524623986832742
612,cp16_para_0,1,18.0,11.966620241321273
613,cp16_para_3,1,10.833333333333334,6.121455890735653
614,cp16_para_8,1,10.5,4.031128874149275
615,cp16_para_35,1,16.4,9.911609354691093
616,cp16_para_45,1,14.2,8.749857141690944
617,cp16_para_46,1,11.333333333333334,7.203394261658103
618,cp16_para_49,1,15.166666666666666,8.47381587925744
619,cp16_para_55,1,10.333333333333334,7.738791177495933
620,cp16_para_57,1,20.6,11.217842929904126
621,cp17_para_2,1,13.0,4.69041575982343
622,cp17_para_3,1,28.2,17.80337046741431
623,cp17_para_5,1,9.833333333333334,3.531603350069515
624,cp17_para_11,1,12.0,7.183313998427188
625,cp17_para_12,1,19.0,4.864839839775475
626,cp17_para_17,1,23.0,5.513619500836088
627,cp17_para_24,1,19.2,9.703607576566563
628,cp17_para_27,1,10.2,4.915282290977803
629,cp18_para_2,1,11.6,3.2619012860600183
630,cp18_para_9,1,11.6,7.552483035399682
631,cp18_para_11,1,11.6,3.4409301068170506
632,cp18_para_12,1,9.8,3.867815921162743
633,cp18_para_14,1,17.0,10.488088481701515
634,cp18_para_16,1,11.4,6.406246951218787
635,cp18_para_25,1,13.0,4.560701700396552
636,cp18_para_26,1,17.166666666666668,8.008675851155976
637,cp18_para_33,1,10.666666666666666,2.9249881291307074
638,cp18_para_41,1,11.0,2.280350850198276
639,cp18_para_43,1,12.0,5.513619500836088
640,cp19_para_0,1,18.666666666666668,8.055363982396381
641,cp19_para_2,1,21.166666666666668,11.795714852813663
642,cp19_para_3,1,17.8,8.908422980528035
643,cp19_para_4,1,20.6,6.529931086925803
644,cp19_para_5,1,16.4,3.6110940170535577
645,cp19_para_11,1,15.0,5.966573556070519
646,cp19_para_14,1,14.2,4.707440918375928
647,cp19_para_17,1,8.8,3.1240998703626617
648,cp19_para_21,1,18.833333333333332,7.174414416676961
649,cp19_para_23,1,12.0,5.176871642217914
650,cp19_para_27,1,14.0,5.019960159204453
651,cp19_para_36,1,11.166666666666666,3.6247605284885913
652,cp19_para_42,1,9.4,3.4985711369071804
653,cp19_para_47,1,13.4,4.498888751680798
654,cp20_para_0,1,15.2,10.283968105745954
655,cp20_para_1,1,14.666666666666666,6.182412330330469
656,cp20_para_2,1,16.8,7.704544113703289
657,cp20_para_12,1,11.2,4.578209256903839
658,cp20_para_14,1,14.333333333333334,9.977753031397176
659,cp20_para_24,1,11.0,5.966573556070519
660,cp20_para_32,1,11.833333333333334,4.844813951249544
661,cp20_para_53,1,8.6,4.31740662898458
662,cp21_para_2,1,17.4,10.091580649234292
663,cp21_para_3,1,24.0,10.661457061146317
664,cp21_para_9,1,24.2,16.61806246227279
665,cp21_para_10,1,23.8,18.723247581549522
666,cp22_para_2,1,20.8,8.49470423263812
667,cp22_para_6,1,22.833333333333332,7.009913614937697
668,cp22_para_9,1,11.6,8.845337754998392
669,cp22_para_43,1,22.4,10.89219904335208
670,cp22_para_52,1,15.166666666666666,7.514800211730331
671,cp22_para_53,1,22.4,5.314132102234569
672,cp23_para_0,1,15.833333333333334,10.25372561018135
673,cp23_para_6,1,12.8,7.520638270785266
674,cp23_para_14,1,10.2,8.133879763065101
675,cp23_para_21,1,9.0,4.898979485566356
676,cp23_para_22,1,9.333333333333334,4.109609335312651
677,cp23_para_23,1,7.166666666666667,3.624760528488591
678,cp23_para_45,1,12.0,6.899275324264136
679,cp24_para_4,1,15.5,6.34428877022476
680,cp24_para_7,1,11.666666666666666,6.446359868604572
681,cp24_para_10,1,9.333333333333334,1.8856180831641267
682,cp24_para_25,1,15.666666666666666,6.236095644623236
683,cp24_para_26,1,12.6,6.1838499334961226
684,cp24_para_33,1,9.333333333333334,6.315765107165473
685,cp24_para_50,1,10.666666666666666,3.8586123009300755
686,cp25_para_0,1,23.833333333333332,8.532617157446802
687,cp25_para_10,1,27.2,8.908422980528035
688,cp25_para_11,1,30.0,11.781341180018513
689,cp25_para_12,1,30.833333333333332,7.3805299418281765
690,cp25_para_13,1,11.4,7.1442284397967
691,cp25_para_14,1,27.833333333333332,15.836841716565697
692,cp25_para_17,1,9.833333333333334,3.760171390892826
693,cp25_para_19,1,18.2,5.5641710972974225
694,cp25_para_26,1,27.4,14.485855169785456
695,cp25_para_28,1,31.8,13.614697940094008
696,cp26_para_2,1,29.2,8.49470423263812
697,cp26_para_3,1,30.666666666666668,13.136040330158687
698,cp26_para_10,1,23.0,11.32843031197762
699,cp26_para_12,1,14.8,4.1182520563948
700,cp26_para_27,1,25.4,17.681628884240276
701,cp26_para_33,1,18.2,10.186265262597475
702,cp27_para_2,1,13.8,6.177378084592201
703,cp27_para_3,1,12.8,9.744742172063868
704,cp27_para_5,1,14.5,6.3966136874651625
705,cp27_para_7,1,12.5,10.547511554864494
706,cp27_para_13,1,17.0,8.579044235810887
707,cp27_para_16,1,8.833333333333334,3.337497399083464
708,cp27_para_19,1,10.833333333333334,4.946940693218609
709,cp27_para_22,1,8.0,2.8284271247461903
710,cp27_para_26,1,10.666666666666666,4.149966532662911
711,cp27_para_56,1,10.0,4.049691346263317
712,cp27_para_65,1,10.6,3.2
713,cp28_para_6,1,9.8,4.955804677345547
714,cp28_para_12,1,12.4,3.3823069050575527
715,cp28_para_14,1,10.8,4.354308211415448
716,cp28_para_21,1,11.8,3.867815921162743
717,cp28_para_22,1,13.166666666666666,7.71182353417285
718,cp28_para_28,1,8.0,3.3466401061363023
719,cp28_para_34,1,8.2,3.54400902933387
720,cp28_para_35,1,11.0,4.1952353926806065
721,cp28_para_41,1,28.8,12.351518125315609
722,cp29_para_2,1,22.0,11.899579824514813
723,cp29_para_6,1,24.4,10.44222198576529
724,cp29_para_7,1,24.2,11.196428001822724
725,cp29_para_9,1,14.666666666666666,9.637888196533975
726,cp29_para_11,1,11.4,6.6211781428987395
727,cp29_para_13,1,16.0,5.228129047119374
728,cp29_para_14,1,14.0,7.536577472566709
729,cp29_para_15,1,26.0,20.016659728003237
730,cp29_para_17,1,11.0,4.932882862316247
731,cp29_para_29,1,8.333333333333334,2.2110831935702664
732,cm01_para_26,1,8.8,2.6381811916545836
733,cm01_para_30,1,9.4,1.624807680927192
734,cm01_para_43,1,15.0,6.54217089351845
735,cm01_para_56,1,28.6,13.32066064427737
736,cm02_para_8,1,15.4,5.238320341483518
737,cm02_para_10,1,15.666666666666666,7.8244630628703336
738,cm02_para_17,1,20.8,7.35934779718964
739,cm02_para_32,1,10.5,3.9895697345286076
740,cm02_para_35,1,17.0,4.760952285695233
741,cm02_para_36,1,15.666666666666666,4.268749491621899
742,cm03_para_5,1,17.0,4.546060565661952
743,cm03_para_13,1,11.333333333333334,5.821416398857661
744,cm03_para_20,1,23.0,10.620734437881403
745,cm03_para_23,1,13.0,6.164414002968976
746,cm03_para_30,1,9.2,4.166533331199932
747,cm03_para_40,1,17.666666666666668,10.044346115546244
748,cm03_para_46,1,13.8,3.3105890714493698
749,cm04_para_5,1,16.8,7.2221880341071145
750,cm04_para_6,1,24.4,14.122322755127783
751,cm04_para_10,1,9.4,2.6532998322843198
752,cm04_para_23,1,12.666666666666666,7.845734863959881
753,cm04_para_24,1,7.6,2.244994432064365
754,cm04_para_25,1,9.6,2.65329983228432
755,cm04_para_51,1,17.4,4.8
756,cm04_para_69,1,9.0,3.0983866769659336
757,cm05_para_0,1,14.0,8.555699854482976
758,cm05_para_4,1,23.0,9.359487165438072
759,cm05_para_37,1,21.666666666666668,10.044346115546242
760,cm06_para_7,1,10.4,3.3823069050575527
761,cm06_para_31,1,13.833333333333334,9.719682207882222
762,cm06_para_51,1,16.666666666666668,10.934146311237816
763,cm06_para_59,1,21.2,9.620810776644555
764,ch01_para_1,0,17.833333333333332,10.605292179955356
765,ch02_para_16,0,21.333333333333332,8.634555897992412
766,ch03_para_7,0,25.8,12.512393855693642
767,ch03_para_8,0,28.0,12.871156384205214
768,ch03_para_15,0,27.5,10.259142264341596
769,ch03_para_21,0,20.6,3.9293765408777
770,ch04_para_20,0,11.0,5.329165037789691
771,ch04_para_23,0,16.4,5.748043145279966
772,ch04_para_27,0,23.4,14.705101155721438
773,ch04_para_28,0,33.166666666666664,11.667857082124758
774,ch04_para_31,0,22.833333333333332,6.465721580423607
775,ch05_para_25,0,20.4,8.357032966310472
776,ch06_para_3,0,24.5,9.215023964519391
777,ch06_para_15,0,21.333333333333332,13.387390418682134
778,ch06_para_21,0,25.8,16.26530048907797
779,ch07_para_2,0,25.4,4.586937976471886
780,ch07_para_26,0,26.0,11.260550608207398
781,ch07_para_38,0,24.6,9.891410415102591
782,ch08_para_33,0,27.4,11.128342194594845
783,ch10_para_1,0,30.4,16.608431593621358
784,ch10_para_8,0,21.4,11.16422858956229
785,ch10_para_20,0,27.5,8.180260794538684
786,ch11_para_3,0,22.333333333333332,7.781745019952502
787,ch11_para_4,0,23.4,6.343500610861482
788,ch11_para_7,0,18.8,10.684568311354464
789,ch11_para_8,0,19.0,12.675435561221029
790,ch11_para_11,0,30.5,19.964551919172475
791,ch11_para_12,0,24.2,17.151093259614676
792,ch11_para_14,0,19.833333333333332,17.92034845891365
793,ch13_para_2,0,19.833333333333332,9.668103341515451
794,ch13_para_28,0,17.666666666666668,10.6092203085597
795,ch14_para_0,0,30.6,15.768322675541619
796,ch14_para_3,0,19.6,7.709734106958553
797,ch14_para_6,0,38.5,17.279564037710365
798,ch15_para_0,0,13.833333333333334,7.492588930996341
799,ch15_para_12,0,13.8,4.354308211415448
800,ch15_para_13,0,16.8,8.704022058795578
801,ch15_para_21,0,9.4,3.5552777669262356
802,ch15_para_25,0,18.166666666666668,6.039223643997812
803,ch15_para_29,0,11.4,8.380930735902785
804,ch15_para_30,0,15.0,8.438009243891594
805,ch15_para_46,0,15.0,6.0332412515993425
806,ch16_para_0,0,28.666666666666668,19.0233774311737
807,ch16_para_7,0,25.166666666666668,11.739061101960223
808,ch16_para_13,0,33.333333333333336,12.605113600792691
809,ch16_para_16,0,31.166666666666668,9.546668994413123
810,ch16_para_17,0,29.0,12.409673645990857
811,ch16_para_18,0,29.333333333333332,11.396880664852505
812,ch17_para_8,0,18.4,7.002856560004639
813,ch17_para_11,0,30.8,17.428711943227473
814,ch18_para_1,0,25.666666666666668,12.99572579307862
815,ch18_para_3,0,22.8,6.273754856543249
816,ch18_para_5,0,24.0,3.40587727318528
817,ch18_para_6,0,22.6,20.035967658189108
818,ch18_para_12,0,20.8,6.968500556073739
819,ch18_para_13,0,14.833333333333334,3.975620147292188
820,ch18_para_14,0,18.333333333333332,5.497474167490214
821,ch18_para_15,0,25.6,12.043255373859678
822,ch18_para_17,0,26.2,13.570556362949901
823,ch20_para_0,0,18.8,9.64157663455516
824,ch20_para_11,0,15.2,7.19444229944198
825,ch20_para_14,0,21.0,16.211107303327555
826,ch20_para_32,0,25.166666666666668,13.72851857347406
827,ch21_para_2,0,18.0,9.186947262284681
828,ch21_para_27,0,23.333333333333332,9.195409482755814
829,ch23_para_4,0,37.6,21.555509736491967
830,ch24_para_3,0,33.0,18.40652058374966
831,ch24_para_15,0,18.0,10.954451150103322
832,ch24_para_16,0,14.6,7.605261336732618
833,ch24_para_26,0,13.0,9.574271077563381
834,ch24_para_31,0,10.6,6.019966777316964
835,ch24_para_36,0,14.4,8.01498596380555
836,ch25_para_2,0,37.4,6.499230723708768
837,ch25_para_16,0,35.666666666666664,16.28564466707481
838,ch25_para_17,0,23.5,13.9134227756269
839,ch25_para_21,0,26.2,16.53360214835231
840,ch26_para_5,0,30.4,10.594338110519223
841,ch26_para_13,0,25.0,4.857983120596447
842,ch26_para_14,0,31.4,4.841487374764082
843,ch27_para_12,0,15.6,7.761443164772903
844,ch27_para_14,0,16.4,8.56971411425142
845,ch27_para_15,0,16.0,7.694153624668538
846,ch27_para_23,0,19.8,12.749901960407382
847,ch27_para_24,0,18.8,6.1773780845922
848,ch27_para_28,0,15.6,8.06473806146238
849,ch27_para_32,0,18.166666666666668,8.274794391537606
850,ch27_para_33,0,15.333333333333334,7.6521601888326645
851,ch29_para_2,0,23.166666666666668,13.631051153728224
852,ch29_para_3,0,23.0,7.402702209328699
853,ch29_para_5,0,39.4,22.93992153430347
854,ch29_para_6,0,33.2,11.956588142108098
855,ch29_para_16,0,28.2,8.37615663654877
856,ch30_para_3,0,19.0,9.143303560529969
857,ch30_para_16,0,27.6,6.086049621881176
858,ch30_para_18,0,17.4,5.388877434122992
859,ch30_para_19,0,17.5,4.958158260214505
860,ch30_para_21,0,11.8,4.995998398718719
861,ch30_para_24,0,19.4,5.642694391866353
862,ce01_para_9,0,11.0,4.760952285695233
863,ce01_para_17,0,15.0,5.802298395176403
864,ce02_para_0,0,15.4,5.817215828899594
865,ce02_para_1,0,17.6,6.086049621881176
866,ce02_para_6,0,15.0,3.9496835316262997
867,ce02_para_8,0,18.833333333333332,4.2196629670573875
868,ce02_para_16,0,13.0,4.604345773288535
869,ce02_para_23,0,17.4,6.053098380168622
870,ce03_para_2,0,19.333333333333332,7.781745019952502
871,ce03_para_19,0,16.5,6.970174555442162
872,ce03_para_29,0,25.6,13.661625086350453
873,ce04_para_2,0,31.4,11.976643937263894
874,ce04_para_3,0,20.4,6.086049621881176
875,ce04_para_4,0,26.0,9.363047936792093
876,ce04_para_7,0,26.0,5.549774770204643
877,ce04_para_15,0,29.0,6.418722614352485
878,ce05_para_6,0,24.6,7.445804187594514
879,ce06_para_1,0,18.4,5.3516352641038605
880,ce06_para_15,0,22.4,9.414881836751857
881,ce06_para_18,0,21.8,12.82809416865966
882,ce07_para_12,0,19.0,5.059644256269407
883,ce07_para_15,0,13.6,7.227724399837061
884,ce07_para_23,0,19.666666666666668,8.749603165604459
885,ce07_para_24,0,16.0,6.572670690061994
886,ce08_para_1,0,23.0,10.488088481701515
887,ce08_para_6,0,8.666666666666666,4.346134936801766
888,ce08_para_9,0,22.0,8.148619514985345
889,ce08_para_13,0,14.2,6.493073232299171
890,ce08_para_14,0,12.8,6.764613810115105
891,ce08_para_22,0,20.4,9.89141041510259
892,ce08_para_23,0,21.0,4.732863826479693
893,ce08_para_25,0,24.2,13.302631318652713
894,ce09_para_1,0,21.333333333333332,7.086763875156433
895,ce09_para_4,0,23.833333333333332,10.350791703482825
896,ce09_para_7,0,20.8,9.239047569960876
897,ce09_para_16,0,18.4,10.594338110519223
898,ce10_para_5,0,22.6,6.529931086925803
899,ce10_para_35,0,19.2,11.72006825918689
900,ce10_para_37,0,16.8,9.019977827023745
901,ce10_para_39,0,22.4,13.305637902783918
902,ce11_para_3,0,25.6,10.89219904335208
903,ce11_para_5,0,20.5,4.573474244670748
904,ce11_para_6,0,21.5,8.80814017448254
905,ce11_para_8,0,16.0,5.215361924162119
906,ce11_para_13,0,21.6,10.480458005259122
907,ce11_para_16,0,17.8,4.166533331199932
908,ce11_para_17,0,20.2,3.8157568056677826
909,ce11_para_18,0,16.0,13.674794331177344
910,ce11_para_22,0,16.0,13.552367566837415
911,ce12_para_0,0,20.166666666666668,9.973576200251454
912,ce12_para_4,0,20.6,11.976643937263896
913,ce12_para_12,0,11.0,8.774964387392123
914,ce12_para_38,0,15.0,2.581988897471611
915,ce13_para_0,0,27.166666666666668,11.71063144706078
916,ce13_para_12,0,26.6,15.200000000000001
917,ce13_para_14,0,30.8,7.652450587883597
918,ce14_para_5,0,13.8,1.9390719429665317
919,ce14_para_10,0,10.5,3.593976442141304
920,ce14_para_13,0,10.6,4.029888335921977
921,ce14_para_16,0,13.0,5.0
922,ce14_para_19,0,21.8,15.816447135814036
923,ce14_para_20,0,18.166666666666668,5.07991688470939
924,ce14_para_26,0,18.2,9.303762679690406
925,ce15_para_6,0,8.666666666666666,5.467073155618908
926,ce15_para_12,0,13.8,3.7094473981982814
927,ce15_para_15,0,9.166666666666666,5.177408189003023
928,ce15_para_16,0,12.833333333333334,8.839620404117412
929,ce15_para_19,0,8.6,6.529931086925804
930,ce16_para_2,0,19.166666666666668,5.842849380986034
931,ce16_para_3,0,19.5,6.5
932,ce16_para_6,0,22.833333333333332,7.243771270700243
933,ce16_para_9,0,14.8,3.8157568056677826
934,ce16_para_14,0,14.333333333333334,6.182412330330469
935,ce16_para_16,0,16.666666666666668,7.386173268720113
936,ce16_para_17,0,17.6,6.151422599691879
937,ce16_para_20,0,10.0,1.8973665961010275
938,ce16_para_23,0,18.0,5.477225575051661
939,ce17_para_0,0,22.0,8.390470785361213
940,ce17_para_5,0,23.6,12.370933675353692
941,ce17_para_18,0,21.0,11.254628677422755
942,ce18_para_11,0,28.4,4.841487374764082
943,ce18_para_12,0,16.666666666666668,6.871842709362768
944,ce18_para_18,0,15.833333333333334,7.776388764858803
945,ce18_para_25,0,38.0,11.74734012447073
946,ce19_para_1,0,13.4,7.255342858886822
947,ce19_para_5,0,20.666666666666668,10.354816378006046
948,ce19_para_26,0,9.666666666666666,8.556998435328957
949,ce19_para_30,0,21.333333333333332,7.431165603202651
950,ce20_para_1,0,16.0,10.535653752852738
951,ce20_para_3,0,14.0,0.8944271909999159
952,ce20_para_11,0,22.0,6.137317546507322
953,ce20_para_12,0,14.5,5.678908345800274
954,ce20_para_13,0,13.666666666666666,6.847546194724712
955,ce20_para_19,0,21.0,9.736529155710468
956,ce20_para_20,0,19.6,8.452218643646175
957,ce20_para_25,0,15.6,8.452218643646175
958,ce20_para_30,0,13.666666666666666,6.342099196813483
959,ce20_para_31,0,16.4,7.4993333037010705
960,ce21_para_0,0,14.2,4.261455150532504
961,ce21_para_1,0,21.5,4.645786621588784
962,ce21_para_4,0,23.833333333333332,10.089873911776873
963,ce21_para_10,0,19.8,9.086253353280437
964,ce21_para_11,0,18.666666666666668,4.307615994440028
965,ce21_para_12,0,20.2,8.423775875461075
966,ce21_para_14,0,26.2,7.8587530817554
967,ce21_para_15,0,19.6,5.748043145279966
968,ce21_para_18,0,20.6,13.937001112147477
969,ce21_para_21,0,14.4,9.687104830649867
970,ce21_para_22,0,13.2,6.764613810115105
971,ce21_para_25,0,20.666666666666668,11.86966254317657
972,ce22_para_3,0,16.2,10.740577265678041
973,ce22_para_7,0,22.0,9.186947262284681
974,ce22_para_15,0,21.166666666666668,6.202598021976132
975,ce22_para_16,0,35.6,14.759403781996072
976,ce23_para_2,0,26.4,11.637869220780924
977,ce23_para_8,0,31.6,10.910545357588685
978,ce23_para_12,0,23.666666666666668,8.034647195462632
979,ce23_para_14,0,12.6,5.748043145279966
980,ce23_para_20,0,14.833333333333334,9.940098367498962
981,ce24_para_1,0,16.0,9.695359714832659
982,ce24_para_4,0,19.2,11.01635148313633
983,ce24_para_11,0,14.0,7.118052168020874
984,ce25_para_7,0,18.6,6.974238309665077
985,ce25_para_8,0,23.333333333333332,12.092238098144703
986,ce25_para_15,0,20.833333333333332,7.009913614937696
987,ce25_para_18,0,30.6,4.498888751680797
988,ce25_para_20,0,23.2,10.833282051160674
989,ce26_para_3,0,24.0,8.366600265340756
990,ce27_para_9,0,6.166666666666667,3.435921354681384
991,ce27_para_15,0,7.166666666666667,5.367080729368206
992,ce27_para_17,0,5.666666666666667,2.8674417556808756
993,ce27_para_18,0,4.833333333333333,1.863389981249825
994,ce28_para_41,0,16.4,11.253443917308159
995,ce29_para_12,0,22.6,10.209799214480176
996,ce29_para_34,0,28.0,12.083045973594572
997,ce30_para_2,0,11.0,2.1908902300206643
998,ce30_para_52,0,12.5,6.238322424070967
999,ce30_para_56,0,19.8,8.280096617793781
1000,ce30_para_59,0,12.6,5.607138307550474
1001,ce30_para_62,0,16.5,5.188127472091127
1002,ce30_para_63,0,17.2,9.064215354899728
1003,ce30_para_64,0,13.166666666666666,3.8477987935383986
1004,ce30_para_68,0,10.333333333333334,5.436502143433364
1005,ce31_para_10,0,13.6,7.1442284397967
1006,ce31_para_21,0,17.833333333333332,7.335227028221796
1007,ce31_para_23,0,21.8,16.178998732925347
1008,ce32_para_2,0,17.333333333333332,9.195409482755814
1009,ce32_para_8,0,17.6,5.314132102234569
1010,ce32_para_20,0,19.2,7.222188034107115
1011,ce32_para_27,0,19.4,8.73155198117723
1012,ce33_para_2,0,26.6,6.916646586316234
1013,ce33_para_6,0,24.0,4.1952353926806065
1014,ce33_para_8,0,19.0,5.656854249492381
1015,ce33_para_14,0,22.0,11.045361017187261
1016,ce33_para_18,0,16.0,7.593857166596345
1017,ce33_para_21,0,14.0,7.874007874011811
1018,ce34_para_0,0,27.0,12.12435565298214
1019,ce34_para_13,0,20.0,8.294576541331088
1020,ce34_para_19,0,23.0,7.797435475847171
1021,ce34_para_21,0,17.6,5.6780278266313555
1022,ce34_para_27,0,23.8,9.47417542586161
1023,ce34_para_28,0,22.2,9.389355675444401
1024,ce35_para_0,0,8.166666666666666,5.4594464513864
1025,ce35_para_15,0,14.8,8.49470423263812
1026,ce35_para_18,0,19.0,14.51895313030523
1027,ce35_para_22,0,19.333333333333332,12.050818321683478
1028,ce35_para_25,0,19.333333333333332,12.023125864580956
1029,ce35_para_31,0,24.6,9.520504188329523
1030,ce36_para_0,0,30.6,14.90771612286738
1031,ce36_para_1,0,29.0,8.54400374531753
1032,ce36_para_4,0,30.833333333333332,15.137334272879388
1033,ce36_para_11,0,31.0,15.362291495737216
1034,ce36_para_12,0,32.8,15.803797012110728
1035,ce36_para_14,0,20.333333333333332,8.556998435328957
1036,ce36_para_16,0,38.4,14.540976583434828
1037,cj01_para_0,0,21.6,17.35050431543706
1038,cj01_para_1,0,40.4,10.365326815879952
1039,cj01_para_2,0,35.8,9.88736567544662
1040,cj02_para_1,0,22.4,16.206171663906314
1041,cj02_para_7,0,27.8,11.142710621747295
1042,cj02_para_11,0,18.166666666666668,5.669117117231649
1043,cj03_para_3,0,32.333333333333336,11.585431464655176
1044,cj03_para_4,0,27.0,6.782329983125268
1045,cj03_para_5,0,31.333333333333332,19.80460103668393
1046,cj03_para_8,0,27.4,9.264987857520376
1047,cj03_para_14,0,22.2,9.703607576566563
1048,cj04_para_6,0,38.0,15.811388300841896
1049,cj04_para_10,0,21.0,7.4565407529228995
1050,cj04_para_13,0,17.0,6.6932802122726045
1051,cj04_para_16,0,29.6,13.792751719653333
1052,cj05_para_2,0,20.2,12.702755606560332
1053,cj05_para_4,0,19.0,6.8068592855540455
1054,cj05_para_10,0,28.333333333333332,7.3181661333667165
1055,cj05_para_12,0,21.833333333333332,13.409159390340454
1056,cj05_para_16,0,25.8,9.907572861200668
1057,cj05_para_17,0,16.6,5.122499389946279
1058,cj06_para_0,0,29.666666666666668,8.439325934114775
1059,cj06_para_4,0,22.4,6.711184694225007
1060,cj06_para_7,0,32.8,14.5657131648265
1061,cj06_para_9,0,29.5,22.808989455914087
1062,cj06_para_10,0,19.0,11.436782764396638
1063,cj06_para_11,0,26.5,11.644025649805712
1064,cj07_para_0,0,32.2,15.85433694608513
1065,cj07_para_1,0,29.333333333333332,11.799246680285238
1066,cj07_para_2,0,19.6,10.556514576317317
1067,cj07_para_3,0,19.5,9.215023964519391
1068,cj07_para_5,0,22.4,8.957678270623477
1069,cj07_para_6,0,20.8,8.304215796810679
1070,cj07_para_7,0,20.8,5.230678732248808
1071,cj07_para_8,0,23.2,10.870142593360953
1072,cj08_para_1,0,17.6,5.642694391866353
1073,cj08_para_3,0,21.0,6.752777206453653
1074,cj08_para_4,0,22.333333333333332,14.232201360139461
1075,cj08_para_5,0,16.333333333333332,6.624868971450597
1076,cj08_para_6,0,22.5,5.057996968497839
1077,cj08_para_10,0,24.333333333333332,8.013876853447538
1078,cj08_para_11,0,20.0,8.318653737234168
1079,cj08_para_13,0,15.2,3.1240998703626617
1080,cj08_para_15,0,24.6,4.029888335921977
1081,cj08_para_22,0,20.166666666666668,9.3526585643988
1082,cj09_para_0,0,21.333333333333332,4.678556282539399
1083,cj09_para_5,0,23.2,7.4404300950953095
1084,cj09_para_7,0,27.166666666666668,6.568020165079344
1085,cj09_para_8,0,25.2,11.6
1086,cj09_para_12,0,26.6,13.632314550361578
1087,cj09_para_18,0,23.5,6.5
1088,cj10_para_2,0,21.8,8.885943956609225
1089,cj10_para_7,0,21.0,9.309493362512628
1090,cj10_para_10,0,26.166666666666668,9.299044156375547
1091,cj11_para_3,0,24.2,6.013318551349164
1092,cj12_para_8,0,25.6,3.6110940170535577
1093,cj13_para_5,0,28.2,8.009993757800315
1094,cj13_para_6,0,33.5,11.29527924990495
1095,cj13_para_12,0,19.666666666666668,7.542472332656507
1096,cj14_para_5,0,30.833333333333332,14.837078178970714
1097,cj15_para_3,0,12.0,4.9396356140913875
1098,cj15_para_12,0,19.0,8.899438184514796
1099,cj15_para_18,0,15.666666666666666,4.642796092394707
1100,cj16_para_5,0,34.8,14.702380759591284
1101,cj16_para_8,0,25.333333333333332,5.7638721552635275
1102,cj16_para_11,0,18.4,8.187795796183488
1103,cj17_para_0,0,26.6,6.858571279792899
1104,cj17_para_1,0,34.4,7.310266752998826
1105,cj17_para_4,0,32.333333333333336,15.029600423460662
1106,cj17_para_8,0,35.0,12.288205727444508
1107,cj17_para_12,0,26.4,10.403845442911962
1108,cj17_para_13,0,32.0,25.225648323350054
1109,cj18_para_1,0,30.4,12.626955294131678
1110,cj18_para_5,0,16.2,6.8527366796047255
1111,cj18_para_14,0,18.8,9.987992791347018
1112,cj18_para_23,0,22.8,12.512393855693642
1113,cj18_para_24,0,22.0,6.831300510639732
1114,cj19_para_9,0,13.166666666666666,3.2360813064912666
1115,cj19_para_10,0,21.5,24.32248616678265
1116,cj20_para_0,0,24.666666666666668,8.117197107923946
1117,cj20_para_4,0,33.8,9.94786409235671
1118,cj20_para_20,0,19.833333333333332,8.552127740444998
1119,cj20_para_23,0,26.0,11.88836966675134
1120,cj21_para_3,0,22.0,11.882760622010357
1121,cj21_para_9,0,38.166666666666664,16.826731378639433
1122,cj21_para_10,0,25.833333333333332,14.848307049028255
1123,cj21_para_15,0,26.6,14.677874505527019
1124,cj22_para_2,0,29.833333333333332,19.368502494743595
1125,cj22_para_4,0,27.6,6.374950980203691
1126,cj22_para_5,0,35.333333333333336,11.08552609887726
1127,cj22_para_6,0,19.333333333333332,5.90668171555645
1128,cj23_para_1,0,16.0,6.131883886702357
1129,cj23_para_4,0,21.166666666666668,10.761298971571952
1130,cj23_para_5,0,30.0,12.24744871391589
1131,cj23_para_12,0,23.4,3.97994974842648
1132,cj24_para_0,0,26.166666666666668,10.558040643141236
1133,cj24_para_3,0,27.8,7.4404300950953095
1134,cj24_para_6,0,32.833333333333336,10.838460325259405
1135,cj24_para_8,0,43.4,17.165080832900266
1136,cj26_para_2,0,27.4,15.265647709809107
1137,cj26_para_11,0,22.6,11.976643937263894
1138,cj26_para_13,0,17.5,8.976822006330154
1139,cj27_para_6,0,25.0,7.720103626247513
1140,cj27_para_7,0,38.8,15.535765188750762
1141,cj27_para_8,0,26.0,11.489125293076057
1142,cj27_para_9,0,23.166666666666668,7.840422324226051
1143,cj27_para_11,0,29.8,14.524462124292244
1144,cj27_para_12,0,24.333333333333332,8.379870059984356
1145,cj28_para_2,0,16.8,13.99142594591416
1146,cj28_para_4,0,31.8,2.7856776554368237
1147,cj28_para_6,0,17.0,12.151817422372122
1148,cj28_para_8,0,43.333333333333336,35.08877629986862
1149,cj28_para_11,0,25.833333333333332,8.933395522171597
1150,cj28_para_13,0,25.6,14.974645237867907
1151,cj29_para_2,0,25.6,13.865064009949611
1152,cj29_para_11,0,33.6,6.468384651518491
1153,cj29_para_12,0,22.166666666666668,8.858454843945541
1154,cj30_para_1,0,26.0,13.813037319865606
1155,cj30_para_2,0,16.833333333333332,3.8477987935383986
1156,cj30_para_8,0,26.8,19.332873557751316
1157,cj30_para_12,0,21.2,4.707440918375928
1158,cj30_para_14,0,22.6,7.964923100695951
1159,cj30_para_20,0,13.5,7.847504911329036
1160,cj31_para_1,0,27.166666666666668,15.784134087395763
1161,cj31_para_4,0,66.0,30.528675044947494
1162,cj31_para_8,0,48.6,6.711184694225007
1163,cj31_para_9,0,23.8,7.138627319029899
1164,cj31_para_10,0,51.2,28.315366852647344
1165,cj31_para_13,0,25.666666666666668,12.995725793078618
1166,cj32_para_0,0,23.833333333333332,13.259168735465868
1167,cj32_para_6,0,18.5,8.098353742170895
1168,cj32_para_9,0,23.166666666666668,8.234412884690418
1169,cj34_para_9,0,26.5,15.370426148939398
1170,cj35_para_3,0,20.2,13.673331708109767
1171,cj35_para_8,0,21.166666666666668,14.17058769266665
1172,cj35_para_16,0,24.333333333333332,8.692269873603532
1173,cj36_para_3,0,20.5,6.525590650150631
1174,cj36_para_15,0,23.2,8.37615663654877
1175,cj37_para_1,0,30.8,9.282241108697834
1176,cj37_para_2,0,36.2,7.35934779718964
1177,cj37_para_3,0,34.2,7.833262411026456
1178,cj37_para_5,0,32.166666666666664,12.293855737273352
1179,cj37_para_6,0,34.666666666666664,6.101001739241042
1180,cj37_para_9,0,24.5,9.63932916061417
1181,cj38_para_3,0,27.8,7.467261881037787
1182,cj38_para_9,0,17.5,6.87386354243376
1183,cj38_para_10,0,17.166666666666668,7.924995618645827
1184,cj38_para_13,0,23.0,12.759310326189265
1185,cj38_para_18,0,20.166666666666668,9.388231403671773
1186,cj38_para_21,0,19.166666666666668,6.361778227997438
1187,cj39_para_3,0,27.8,21.488601629701268
1188,cj39_para_10,0,21.8,10.85172797300043
1189,cj39_para_13,0,19.0,11.189280584559492
1190,cj39_para_22,0,31.8,13.862178760930766
1191,cj40_para_4,0,39.0,24.22395508582362
1192,cj40_para_6,0,36.4,17.928747864811974
1193,cj41_para_3,0,15.8,6.584831053261731
1194,cj41_para_11,0,35.2,7.467261881037788
1195,cj44_para_6,0,27.4,8.867919710958146
1196,cj44_para_12,0,33.0,17.538529014715003
1197,cj44_para_13,0,20.0,8.390470785361213
1198,cj44_para_14,0,28.333333333333332,12.98289472943363
1199,cj45_para_2,0,22.666666666666668,14.337208778404378
1200,cj45_para_5,0,18.666666666666668,13.337499349161705
1201,cj45_para_15,0,17.833333333333332,14.519144449848122
1202,cj45_para_16,0,27.4,17.269626515938324
1203,cj45_para_28,0,13.0,10.295630140987
1204,cj45_para_31,0,14.166666666666666,10.542243067245648
1205,cj46_para_3,0,20.833333333333332,8.193832368854569
1206,cj46_para_18,0,33.8,14.288456879593403
1207,cj46_para_20,0,26.6,13.154466921924278
1208,cj47_para_1,0,14.333333333333334,8.439325934114775
1209,cj47_para_10,0,20.833333333333332,8.801830617673929
1210,cj47_para_18,0,18.8,10.322790320451153
1211,cj48_para_11,0,15.666666666666666,6.289320754704402
1212,cj48_para_18,0,24.5,16.977926846349646
1213,cj48_para_22,0,18.4,10.762899237658967
1214,cj49_para_0,0,27.666666666666668,15.755069730795297
1215,cj49_para_3,0,18.833333333333332,4.29793231940921
1216,cj49_para_5,0,32.8,14.048487463068756
1217,cj49_para_11,0,24.2,13.392535234226566
1218,cj49_para_12,0,21.833333333333332,4.4503433076062295
1219,cj49_para_13,0,27.666666666666668,10.094002619817815
1220,cj49_para_16,0,23.0,5.329165037789691
1221,cj49_para_17,0,22.166666666666668,11.682132605916706
1222,cj49_para_18,0,23.2,10.740577265678041
1223,cj50_para_1,0,18.666666666666668,17.72631440041111
1224,cj50_para_4,0,35.6,6.858571279792899
1225,cj50_para_7,0,46.8,22.683915006012523
1226,cj50_para_11,0,25.2,11.9565881421081
1227,cj51_para_0,0,23.6,10.537551897855593
1228,cj51_para_4,0,19.4,4.317406628984581
1229,cj51_para_12,0,25.4,9.414881836751857
1230,cj51_para_13,0,20.4,4.841487374764082
1231,cj52_para_1,0,22.0,8.925618559330589
1232,cj52_para_5,0,25.0,12.974333637352377
1233,cj53_para_1,0,20.8,7.467261881037788
1234,cj53_para_2,0,51.0,21.004761364985796
1235,cj53_para_7,0,35.833333333333336,15.539376506868678
1236,cj53_para_8,0,38.5,19.71251717395151
1237,cj54_para_1,0,22.833333333333332,4.487637339278753
1238,cj54_para_2,0,30.5,15.542951242712348
1239,cj54_para_5,0,22.8,8.23164625090267
1240,cj54_para_6,0,28.6,9.156418513807678
1241,cj54_para_7,0,25.4,6.086049621881176
1242,cj54_para_10,0,22.4,12.93986089569745
1243,cj55_para_3,0,24.2,4.4
1244,cj55_para_7,0,25.666666666666668,12.023125864580955
1245,cj55_para_8,0,19.8,9.537295214053092
1246,cj55_para_11,0,23.833333333333332,8.839620404117412
1247,cj55_para_14,0,29.166666666666668,10.41499986664533
1248,cj55_para_15,0,28.0,9.959919678390985
1249,cj56_para_14,0,23.166666666666668,7.009913614937696
1250,cj56_para_15,0,24.6,10.892199043352083
1251,cj56_para_16,0,24.333333333333332,5.7638721552635275
1252,cj56_para_17,0,13.4,6.681317235396026
1253,cj56_para_26,0,14.166666666666666,9.838981428763628
1254,cj57_para_1,0,39.333333333333336,16.50925666271972
1255,cj57_para_4,0,27.6,5.9531504264548865
1256,cj57_para_9,0,29.0,11.86029791643813
1257,cj58_para_3,0,26.6,8.546344247688598
1258,cj58_para_7,0,26.0,7.831560082980487
1259,cj58_para_9,0,27.6,8.957678270623477
1260,cj58_para_11,0,17.4,5.535341001239218
1261,cj58_para_13,0,17.2,6.881860213634101
1262,cj59_para_1,0,32.166666666666664,10.838460325259407
1263,cj59_para_3,0,32.0,12.727922061357855
1264,cj59_para_4,0,37.5,16.17353805861084
1265,cj59_para_11,0,27.8,7.626270385975047
1266,cj60_para_5,0,30.6,9.76933979345585
1267,cj60_para_7,0,24.0,11.547005383792516
1268,cj60_para_8,0,19.0,4.979959839195493
1269,cj60_para_9,0,33.0,8.717797887081348
1270,cj60_para_13,0,25.4,13.893883546366725
1271,cj61_para_3,0,33.4,21.058015101143795
1272,cj61_para_5,0,28.333333333333332,16.48905360804218
1273,cj61_para_6,0,24.166666666666668,8.193832368854569
1274,cj62_para_4,0,26.833333333333332,7.470311610338323
1275,cj62_para_5,0,22.2,4.915282290977803
1276,cj62_para_10,0,37.2,11.196428001822724
1277,cj63_para_1,0,19.6,9.28654941299512
1278,cj63_para_10,0,31.666666666666668,11.352924243950934
1279,cj64_para_0,0,24.333333333333332,5.587684871413404
1280,cj64_para_2,0,16.4,5.4626001134990645
1281,cj64_para_10,0,18.0,4.546060565661952
1282,cj64_para_11,0,16.4,3.7202150475476548
1283,cj64_para_12,0,22.4,7.49933330370107
1284,cj64_para_16,0,23.5,9.215023964519391
1285,cj64_para_17,0,24.333333333333332,12.892719737209145
1286,cj64_para_18,0,19.6,7.552483035399682
1287,cj64_para_24,0,18.0,3.3466401061363023
1288,cj65_para_0,0,29.8,10.186265262597475
1289,cj65_para_1,0,32.333333333333336,12.418624006798105
1290,cj65_para_2,0,22.2,14.2884568795934
1291,cj65_para_3,0,36.2,11.285388783732708
1292,cj65_para_5,0,29.6,7.761443164772903
1293,cj65_para_7,0,35.8,18.616122045152153
1294,cj65_para_13,0,22.5,6.922186552431729
1295,cj65_para_14,0,26.4,11.92644121270046
1296,cj66_para_4,0,17.0,10.263202878893768
1297,cj66_para_8,0,29.2,17.2673101553195
1298,cj66_para_9,0,18.0,5.215361924162119
1299,cj66_para_12,0,18.4,8.845337754998393
1300,cj66_para_14,0,18.2,8.818163074019441
1301,cj66_para_15,0,28.0,15.84929020492716
1302,cj67_para_3,0,30.2,12.796874618437114
1303,cj68_para_2,0,49.6,18.051038751274124
1304,cj68_para_3,0,41.666666666666664,14.232201360139463
1305,cj68_para_5,0,49.8,22.82454818829937
1306,cj68_para_9,0,39.5,26.386549603917523
1307,cj69_para_0,0,26.333333333333332,14.44145268162298
1308,cj69_para_4,0,20.166666666666668,9.388231403671773
1309,cj69_para_11,0,12.0,6.957010852370434
1310,cj69_para_20,0,22.833333333333332,10.237458451957476
1311,cj69_para_25,0,21.166666666666668,4.058598553961974
1312,cj70_para_2,0,18.4,11.909659944767524
1313,cj70_para_6,0,17.8,3.4292856398964493
1314,cj70_para_14,0,12.333333333333334,6.497862896539309
1315,cj70_para_17,0,21.0,5.163977794943222
1316,cj70_para_19,0,20.2,3.8157568056677826
1317,cj71_para_1,0,18.166666666666668,10.915076220021959
1318,cj71_para_2,0,15.0,4.604345773288535
1319,cj71_para_5,0,24.0,2.0976176963403033
1320,cj71_para_6,0,23.8,8.795453370918409
1321,cj71_para_7,0,17.333333333333332,6.128258770283412
1322,cj71_para_8,0,15.6,4.2708313008125245
1323,cj71_para_9,0,18.0,4.516635916254486
1324,cj71_para_15,0,27.6,9.393614852653903
1325,cj72_para_0,0,22.0,7.0710678118654755
1326,cj72_para_7,0,32.166666666666664,14.712995011968916
1327,cj74_para_3,0,24.333333333333332,15.807874268505834
1328,cj74_para_5,0,22.4,6.118823416311342
1329,cj74_para_6,0,22.0,10.881176406988354
1330,cj74_para_14,0,23.8,13.6
1331,cj74_para_21,0,17.6,7.418894796396564
1332,cj75_para_1,0,24.5,7.826237921249264
1333,cj75_para_12,0,24.0,12.47397290361014
1334,cj76_para_7,0,25.2,8.634813257969162
1335,cj76_para_10,0,26.2,13.789851340750559
1336,cj77_para_4,0,23.666666666666668,12.905640455070625
1337,cj77_para_6,0,17.6,8.685620300243386
1338,cj77_para_20,0,22.666666666666668,4.346134936801766
1339,cj77_para_21,0,22.2,6.764613810115105
1340,cj77_para_26,0,23.833333333333332,19.30817328375617
1341,cj78_para_17,0,30.166666666666668,10.714735440296954
1342,cj78_para_29,0,30.6,8.475848040166836
1343,cj79_para_1,0,31.8,10.943491216243562
1344,cj79_para_8,0,27.6,3.0724582991474434
1345,cj79_para_9,0,23.2,6.462197768561405
1346,cj79_para_13,0,22.666666666666668,10.54619467970425
1347,cj80_para_3,0,23.0,2.280350850198276
1348,cj80_para_5,0,19.8,4.621688003316537
1349,cj80_para_13,0,19.6,6.916646586316234
1350,cj80_para_20,0,15.2,7.833262411026455
1351,cj80_para_24,0,18.4,8.890444308357148
1352,cj80_para_28,0,23.0,16.407315441594946
1353,cj80_para_31,0,22.6,7.761443164772903
1354,ca01_para_20,0,15.4,12.009995836801943
1355,ca02_para_41,0,11.6,7.310266752998826
1356,ca03_para_5,0,16.6,12.499599993599796
1357,ca06_para_33,0,18.4,11.534296684236972
1358,ca06_para_45,0,17.333333333333332,8.881941729649485
1359,ca07_para_42,0,19.166666666666668,7.151145984308311
1360,ca08_para_17,0,16.666666666666668,12.023125864580956
1361,ca09_para_62,0,16.0,6.782329983125268
1362,ca10_para_36,0,13.8,7.35934779718964
1363,ca11_para_54,0,19.6,13.865064009949611
1364,ca12_para_34,0,34.0,20.346989949375804
1365,ca14_para_32,0,17.4,7.337574531137657
1366,ca14_para_33,0,17.8,8.304215796810679
1367,ca14_para_34,0,11.4,4.029888335921977
1368,ca16_para_1,0,16.2,5.491812087098393
1369,ca16_para_2,0,16.6,11.288932633336069
1370,ca18_para_1,0,17.0,15.504837954651444
1371,ca18_para_8,0,15.6,8.380930735902785
1372,ca18_para_10,0,12.2,4.621688003316537
1373,ca18_para_48,0,25.333333333333332,4.4969125210773475
1374,ca19_para_3,0,11.166666666666666,7.754926749421228
1375,ca21_para_26,0,9.4,5.4258639865002145
1376,ca23_para_35,0,8.833333333333334,3.287180487219337
1377,ca23_para_49,0,13.4,5.851495535331118
1378,ca24_para_8,0,15.8,5.5641710972974225
1379,ca24_para_43,0,21.6,10.725670142233538
1380,ca26_para_59,0,15.0,0.816496580927726
1381,ca28_para_2,0,28.8,9.537295214053092
1382,ca28_para_7,0,18.8,10.759182125050213
1383,ca28_para_13,0,23.5,11.615363389350618
1384,ca29_para_30,0,8.166666666666666,3.337497399083464
1385,ca30_para_30,0,13.6,11.288932633336067
1386,ca30_para_43,0,12.0,6.723094525588644
1387,ca31_para_6,0,14.5,10.226599304428298
1388,ca31_para_30,0,16.0,11.50651989091402
1389,ca31_para_34,0,9.0,7.52772652709081
1390,ca32_para_6,0,19.666666666666668,7.03957069398096
1391,ca32_para_8,0,28.0,6.6332495807108
1392,ca32_para_10,0,19.6,17.658992043715294
1393,ca32_para_21,0,27.4,13.54400236266961
1394,ca32_para_29,0,18.2,5.418486873657627
1395,ca34_para_14,0,21.5,11.01135777277262
1396,ca34_para_18,0,28.6,9.393614852653903
1397,ca34_para_20,0,27.0,10.158740079360236
1398,ca34_para_22,0,20.166666666666668,10.652334120849863
1399,ca34_para_25,0,22.0,6.723094525588644
1400,ca35_para_5,0,26.4,6.7111846942250075
1401,ca35_para_7,0,17.4,8.452218643646175
1402,ca35_para_12,0,26.2,13.731715115017497
1403,ca35_para_13,0,31.0,14.25482374496437
1404,ca35_para_14,0,29.0,12.09958676980334
1405,ca36_para_4,0,20.0,11.260550608207398
1406,ca36_para_6,0,21.333333333333332,9.23158828275082
1407,ca36_para_7,0,28.0,12.149074038789951
1408,ca36_para_9,0,34.0,18.266545011760343
1409,ca36_para_16,0,25.2,14.783774890061062
1410,ca36_para_24,0,16.4,4.586937976471886
1411,ca37_para_10,0,24.5,16.194134740701646
1412,ca37_para_11,0,29.166666666666668,12.280291346525763
1413,ca37_para_14,0,27.0,9.338094023943002
1414,ca37_para_19,0,20.5,18.65252440466616
1415,ca38_para_2,0,21.6,17.2
1416,ca38_para_11,0,27.8,18.755265927200288
1417,ca38_para_12,0,20.333333333333332,3.144660377352201
1418,ca38_para_13,0,18.166666666666668,10.510576683618375
1419,ca38_para_19,0,19.4,10.209799214480176
1420,ca38_para_20,0,23.4,4.223742416388575
1421,ca38_para_23,0,21.8,9.431860898041277
1422,ca39_para_0,0,28.6,23.234457170332167
1423,ca39_para_8,0,24.6,14.263239463740346
1424,ca39_para_11,0,16.833333333333332,8.029459646963938
1425,ca39_para_23,0,22.6,10.9288608738514
1426,ca39_para_24,0,16.666666666666668,9.689627902499089
1427,ca39_para_27,0,18.166666666666668,9.06305074954835
1428,ca40_para_9,0,24.5,9.233092656309694
1429,ca40_para_10,0,18.333333333333332,6.749485577105529
1430,ca40_para_12,0,19.6,9.58331884056875
1431,ca40_para_13,0,19.5,4.7871355387816905
1432,ca40_para_17,0,20.166666666666668,15.741840920157832
1433,ca41_para_1,0,18.833333333333332,5.66911711723165
1434,ca41_para_2,0,25.166666666666668,12.850637684134156
1435,ca42_para_7,0,24.4,15.317963311093287
1436,ca42_para_8,0,16.4,6.6513156593263565
1437,ca42_para_11,0,14.833333333333334,5.07991688470939
1438,ca42_para_14,0,23.833333333333332,15.453334771354548
1439,ca43_para_64,0,12.8,4.354308211415448
1440,ca44_para_1,0,21.666666666666668,11.455226851626389
1441,ca44_para_5,0,21.0,8.390470785361213
1442,ca44_para_13,0,24.0,13.696714934611146
1443,ca44_para_14,0,28.8,11.373653766490344
1444,ca44_para_15,0,25.6,6.590902821313633
1445,ca44_para_16,0,22.166666666666668,6.361778227997438
1446,ca44_para_19,0,18.2,11.973303637676612
1447,cc01_para_1,0,17.6,1.8547236990991407
1448,cc01_para_2,0,19.0,10.677078252031311
1449,cc01_para_9,0,13.333333333333334,3.8586123009300755
1450,cc01_para_23,0,11.4,7.116178749862878
1451,cc01_para_27,0,16.2,8.304215796810677
1452,cc02_para_21,0,25.0,7.37563556583431
1453,cc02_para_22,0,22.666666666666668,9.159087776022725
1454,cc03_para_11,0,16.8,3.9698866482558417
1455,cc03_para_12,0,15.0,4.560701700396552
1456,cc03_para_14,0,26.8,4.445222154178573
1457,cc03_para_15,0,16.833333333333332,7.104380495315705
1458,cc03_para_17,0,20.0,7.483314773547883
1459,cc03_para_35,0,17.166666666666668,5.489889697333535
1460,cc03_para_36,0,18.8,7.984985911070852
1461,cc04_para_40,0,19.333333333333332,12.445436468396313
1462,cc05_para_8,0,20.666666666666668,9.877021593352703
1463,cc05_para_15,0,17.6,6.343500610861482
1464,cc05_para_16,0,16.2,3.655133376499413
1465,cc05_para_20,0,14.5,7.544313531837517
1466,cc05_para_21,0,12.4,2.4166091947189146
1467,cc06_para_10,0,15.4,5.748043145279966
1468,cc06_para_13,0,14.0,6.429100507328637
1469,cc06_para_20,0,22.0,8.438009243891594
1470,cc07_para_1,0,14.0,6.2289646009589745
1471,cc07_para_13,0,11.6,2.4166091947189146
1472,cc07_para_44,0,15.4,6.437390775772433
1473,cc10_para_2,0,30.6,8.452218643646177
1474,cc10_para_4,0,19.666666666666668,13.924399049470283
1475,cc10_para_8,0,23.8,20.68235963327202
1476,cc10_para_20,0,17.4,6.887670143089026
1477,cc10_para_22,0,22.2,10.087616170334792
1478,cc10_para_33,0,8.666666666666666,2.8087165910587863
1479,cc11_para_10,0,23.833333333333332,14.530619012584733
1480,cc11_para_14,0,23.6,12.026637102698325
1481,cc11_para_16,0,25.5,8.920949127381757
1482,cc11_para_26,0,20.4,7.364781055808788
1483,cc11_para_28,0,14.0,3.7859388972001824
1484,cc12_para_16,0,13.0,5.32290647422377
1485,cc13_para_2,0,20.166666666666668,3.7155828016013257
1486,cc13_para_8,0,23.4,7.683749084919419
1487,cc13_para_16,0,23.4,7.605261336732617
1488,cc13_para_24,0,19.4,2.4166091947189146
1489,cc13_para_29,0,13.0,6.572670690061994
1490,cc14_para_17,0,20.666666666666668,11.145502331533658
1491,cc14_para_18,0,19.0,15.800843859321775
1492,cc14_para_20,0,19.6,5.919459434779497
1493,cc15_para_2,0,19.0,12.181953866272849
1494,cc15_para_5,0,20.2,9.47417542586161
1495,cc15_para_12,0,24.2,10.067770358922575
1496,cc15_para_25,0,18.2,3.4871191548325386
1497,cc15_para_31,0,22.2,15.091719583930786
1498,cc15_para_32,0,14.4,8.260750571225353
1499,cc16_para_0,0,22.4,11.42978564978364
1500,cc16_para_10,0,16.6,8.014985963805552
1501,cc16_para_12,0,17.666666666666668,6.82316316348624
1502,cc16_para_15,0,32.8,29.627014699425928
1503,cc16_para_16,0,17.2,4.445222154178573
1504,cc16_para_17,0,16.2,2.481934729198171
1505,cc16_para_20,0,19.5,6.075908711186061
1506,cc17_para_2,0,19.5,11.954775893619532
1507,cc17_para_3,0,40.6,9.156418513807678
1508,cc17_para_17,0,19.6,6.248199740725323
1509,cc17_para_24,0,31.4,8.404760555780278
