,id,label,content/function
0,cn01_para_5,1,0.3469387755102041
1,cn01_para_7,1,0.43434343434343436
2,cn01_para_9,1,0.35714285714285715
3,cn01_para_12,1,0.4177215189873418
4,cn01_para_40,1,0.37735849056603776
5,cn01_para_47,1,0.44285714285714284
6,cn01_para_51,1,0.375
7,cn02_para_10,1,0.45714285714285713
8,cn02_para_14,1,0.2708333333333333
9,cn02_para_15,1,0.4166666666666667
10,cn02_para_21,1,0.44
11,cn02_para_32,1,0.4019607843137255
12,cn02_para_33,1,0.5288461538461539
13,cn02_para_34,1,0.47540983606557374
14,cn03_para_9,1,0.35555555555555557
15,cn03_para_13,1,0.3888888888888889
16,cn03_para_17,1,0.3548387096774194
17,cn03_para_19,1,0.5319148936170213
18,cn03_para_40,1,0.46808510638297873
19,cn03_para_42,1,0.6101694915254238
20,cn03_para_45,1,0.5081967213114754
21,cn03_para_47,1,0.54
22,cn03_para_56,1,0.5333333333333333
23,cn04_para_3,1,0.38333333333333336
24,cn04_para_17,1,0.5405405405405406
25,cn04_para_27,1,0.4857142857142857
26,cn04_para_28,1,0.5230769230769231
27,cn04_para_38,1,0.5142857142857142
28,cn04_para_39,1,0.4305555555555556
29,cn05_para_4,1,0.32432432432432434
30,cn05_para_7,1,0.44565217391304346
31,cn05_para_14,1,0.3333333333333333
32,cn05_para_15,1,0.3968253968253968
33,cn05_para_17,1,0.391304347826087
34,cn05_para_20,1,0.4
35,cn05_para_23,1,0.36231884057971014
36,cn05_para_26,1,0.4915254237288136
37,cn05_para_27,1,0.25
38,cn05_para_29,1,0.3076923076923077
39,cn05_para_34,1,0.484375
40,cn05_para_36,1,0.4406779661016949
41,cn05_para_39,1,0.45454545454545453
42,cn05_para_40,1,0.44642857142857145
43,cn05_para_41,1,0.36538461538461536
44,cn05_para_43,1,0.43820224719101125
45,cn07_para_19,1,0.52
46,cn07_para_24,1,0.3225806451612903
47,cn07_para_27,1,0.3617021276595745
48,cn07_para_33,1,0.46875
49,cn07_para_56,1,0.275
50,cn07_para_60,1,0.2702702702702703
51,cn07_para_72,1,0.43209876543209874
52,cn07_para_73,1,0.45614035087719296
53,cn07_para_78,1,0.36363636363636365
54,cn08_para_3,1,0.4823529411764706
55,cn08_para_9,1,0.5
56,cn08_para_13,1,0.4634146341463415
57,cn08_para_14,1,0.5656565656565656
58,cn08_para_16,1,0.44565217391304346
59,cn08_para_19,1,0.4777777777777778
60,cn08_para_21,1,0.49382716049382713
61,cn09_para_4,1,0.23076923076923078
62,cn09_para_13,1,0.4520547945205479
63,cn09_para_26,1,0.4794520547945205
64,cn09_para_29,1,0.40476190476190477
65,cn09_para_30,1,0.46464646464646464
66,cn09_para_32,1,0.43209876543209874
67,cn09_para_39,1,0.3275862068965517
68,cn09_para_41,1,0.4666666666666667
69,cn09_para_49,1,0.46
70,cn09_para_51,1,0.46835443037974683
71,cn09_para_52,1,0.38181818181818183
72,cn09_para_53,1,0.34146341463414637
73,cn10_para_1,1,0.5232558139534884
74,cn10_para_3,1,0.4155844155844156
75,cn10_para_7,1,0.3617021276595745
76,cn10_para_9,1,0.4492753623188406
77,cn10_para_13,1,0.47058823529411764
78,cn10_para_16,1,0.1935483870967742
79,cn10_para_28,1,0.4578313253012048
80,cn10_para_29,1,0.359375
81,cn10_para_31,1,0.4507042253521127
82,cn10_para_37,1,0.35714285714285715
83,cn10_para_42,1,0.43333333333333335
84,cn10_para_49,1,0.25806451612903225
85,cn11_para_1,1,0.42105263157894735
86,cn11_para_7,1,0.5818181818181818
87,cn11_para_9,1,0.42105263157894735
88,cn11_para_13,1,0.5056179775280899
89,cn11_para_31,1,0.5478260869565217
90,cn11_para_33,1,0.4810126582278481
91,cn12_para_11,1,0.36923076923076925
92,cn12_para_16,1,0.55
93,cn12_para_27,1,0.3559322033898305
94,cn12_para_46,1,0.5079365079365079
95,cn13_para_5,1,0.391304347826087
96,cn13_para_9,1,0.4155844155844156
97,cn13_para_12,1,0.36082474226804123
98,cn13_para_23,1,0.41935483870967744
99,cn13_para_25,1,0.5566037735849056
100,cn14_para_5,1,0.5288461538461539
101,cn14_para_10,1,0.49295774647887325
102,cn14_para_13,1,0.5166666666666667
103,cn14_para_17,1,0.5151515151515151
104,cn14_para_26,1,0.3181818181818182
105,cn14_para_34,1,0.5818181818181818
106,cn14_para_35,1,0.4716981132075472
107,cn14_para_40,1,0.5666666666666667
108,cn14_para_44,1,0.55
109,cn15_para_1,1,0.3855421686746988
110,cn15_para_2,1,0.4155844155844156
111,cn15_para_3,1,0.4
112,cn15_para_13,1,0.42857142857142855
113,cn15_para_16,1,0.5344827586206896
114,cn15_para_17,1,0.525
115,cn15_para_19,1,0.46938775510204084
116,cn15_para_22,1,0.4342105263157895
117,cn15_para_30,1,0.25
118,cn15_para_35,1,0.40625
119,cn16_para_4,1,0.5428571428571428
120,cn16_para_19,1,0.38011695906432746
121,cn16_para_35,1,0.5185185185185185
122,cn16_para_41,1,0.6136363636363636
123,cn17_para_2,1,0.3275862068965517
124,cn17_para_3,1,0.3541666666666667
125,cn17_para_4,1,0.42696629213483145
126,cn17_para_19,1,0.36885245901639346
127,cn17_para_23,1,0.2631578947368421
128,cn17_para_29,1,0.4444444444444444
129,cn17_para_41,1,0.39436619718309857
130,cn17_para_45,1,0.4
131,cn17_para_48,1,0.26666666666666666
132,cn18_para_3,1,0.4536082474226804
133,cn18_para_4,1,0.31683168316831684
134,cn18_para_10,1,0.42528735632183906
135,cn18_para_11,1,0.463768115942029
136,cn19_para_0,1,0.3983050847457627
137,cn20_para_1,1,0.6081081081081081
138,cn20_para_3,1,0.6507936507936508
139,cn20_para_5,1,0.5102040816326531
140,cn20_para_14,1,0.36538461538461536
141,cn20_para_18,1,0.34615384615384615
142,cn20_para_22,1,0.3103448275862069
143,cn20_para_31,1,0.5113636363636364
144,cn20_para_39,1,0.5185185185185185
145,cn20_para_43,1,0.5068493150684932
146,cn20_para_48,1,0.5454545454545454
147,cn21_para_7,1,0.4189189189189189
148,cn21_para_22,1,0.358974358974359
149,cn21_para_25,1,0.44
150,cn21_para_29,1,0.5384615384615384
151,cn21_para_31,1,0.425531914893617
152,cn21_para_33,1,0.38666666666666666
153,cn21_para_36,1,0.4074074074074074
154,cn21_para_41,1,0.36764705882352944
155,cn22_para_1,1,0.48314606741573035
156,cn22_para_6,1,0.41935483870967744
157,cn22_para_11,1,0.5428571428571428
158,cn22_para_23,1,0.3617021276595745
159,cn22_para_29,1,0.4842105263157895
160,cn22_para_31,1,0.5555555555555556
161,cn22_para_34,1,0.47560975609756095
162,cn23_para_5,1,0.4794520547945205
163,cn23_para_9,1,0.31746031746031744
164,cn23_para_17,1,0.3511450381679389
165,cn23_para_19,1,0.4375
166,cn23_para_22,1,0.373015873015873
167,cn24_para_1,1,0.43103448275862066
168,cn24_para_5,1,0.3614457831325301
169,cn24_para_10,1,0.46153846153846156
170,cn24_para_14,1,0.35384615384615387
171,cn24_para_17,1,0.4375
172,cn24_para_22,1,0.43137254901960786
173,cn24_para_29,1,0.2727272727272727
174,cn24_para_32,1,0.4318181818181818
175,cn24_para_43,1,0.3442622950819672
176,cn24_para_49,1,0.4117647058823529
177,cn25_para_4,1,0.5
178,cn25_para_9,1,0.49074074074074076
179,cn25_para_12,1,0.5185185185185185
180,cn25_para_15,1,0.5303030303030303
181,cn25_para_18,1,0.4482758620689655
182,cn25_para_24,1,0.40625
183,cn25_para_38,1,0.46296296296296297
184,cn25_para_40,1,0.5
185,cn26_para_7,1,0.49333333333333335
186,cn26_para_10,1,0.35714285714285715
187,cn27_para_2,1,0.3875968992248062
188,cn27_para_4,1,0.42857142857142855
189,cn27_para_5,1,0.38095238095238093
190,cn27_para_18,1,0.36538461538461536
191,cn27_para_40,1,0.425
192,cn28_para_18,1,0.3902439024390244
193,cn28_para_21,1,0.5063291139240507
194,cn28_para_39,1,0.3577981651376147
195,cn29_para_9,1,0.4246575342465753
196,cn29_para_24,1,0.4666666666666667
197,cn29_para_25,1,0.4
198,cn29_para_37,1,0.25
199,cn29_para_56,1,0.2909090909090909
200,cn29_para_57,1,0.4375
201,cn29_para_62,1,0.5
202,cn29_para_69,1,0.48148148148148145
203,ck01_para_12,1,0.46987951807228917
204,ck01_para_24,1,0.38461538461538464
205,ck01_para_27,1,0.425531914893617
206,ck01_para_28,1,0.43859649122807015
207,ck01_para_29,1,0.328125
208,ck01_para_38,1,0.4186046511627907
209,ck01_para_42,1,0.3541666666666667
210,ck02_para_2,1,0.4523809523809524
211,ck02_para_5,1,0.32222222222222224
212,ck02_para_10,1,0.5245901639344263
213,ck02_para_12,1,0.4576271186440678
214,ck02_para_18,1,0.35802469135802467
215,ck02_para_20,1,0.43010752688172044
216,ck03_para_9,1,0.2962962962962963
217,ck03_para_10,1,0.44166666666666665
218,ck03_para_15,1,0.45
219,ck03_para_18,1,0.4318181818181818
220,ck04_para_10,1,0.5238095238095238
221,ck04_para_11,1,0.41911764705882354
222,ck04_para_12,1,0.4186046511627907
223,ck05_para_1,1,0.375
224,ck05_para_2,1,0.38461538461538464
225,ck05_para_3,1,0.5151515151515151
226,ck05_para_4,1,0.3870967741935484
227,ck05_para_5,1,0.39759036144578314
228,ck05_para_8,1,0.4888888888888889
229,ck05_para_16,1,0.3191489361702128
230,ck05_para_17,1,0.45454545454545453
231,ck05_para_20,1,0.4
232,ck05_para_27,1,0.36
233,ck05_para_36,1,0.4117647058823529
234,ck05_para_39,1,0.44680851063829785
235,ck06_para_1,1,0.5714285714285714
236,ck06_para_3,1,0.5166666666666667
237,ck06_para_5,1,0.5151515151515151
238,ck06_para_10,1,0.3333333333333333
239,ck06_para_17,1,0.28735632183908044
240,ck06_para_22,1,0.31958762886597936
241,ck06_para_31,1,0.4673913043478261
242,ck06_para_33,1,0.3582089552238806
243,ck06_para_36,1,0.40625
244,ck06_para_43,1,0.5441176470588235
245,ck08_para_3,1,0.42592592592592593
246,ck08_para_13,1,0.46551724137931033
247,ck08_para_21,1,0.323943661971831
248,ck08_para_26,1,0.3870967741935484
249,ck08_para_38,1,0.3333333333333333
250,ck09_para_7,1,0.4380165289256198
251,ck09_para_8,1,0.44680851063829785
252,ck09_para_10,1,0.42857142857142855
253,ck09_para_12,1,0.5
254,ck10_para_11,1,0.4166666666666667
255,ck10_para_13,1,0.524390243902439
256,ck10_para_15,1,0.5217391304347826
257,ck10_para_20,1,0.40298507462686567
258,ck10_para_24,1,0.28125
259,ck10_para_34,1,0.47058823529411764
260,ck10_para_41,1,0.5416666666666666
261,ck11_para_1,1,0.4605263157894737
262,ck11_para_4,1,0.5227272727272727
263,ck11_para_12,1,0.4594594594594595
264,ck11_para_17,1,0.3584905660377358
265,ck11_para_21,1,0.3018867924528302
266,ck11_para_26,1,0.4342105263157895
267,ck11_para_29,1,0.4074074074074074
268,ck11_para_33,1,0.4523809523809524
269,ck11_para_39,1,0.42857142857142855
270,ck12_para_2,1,0.3829787234042553
271,ck12_para_6,1,0.5357142857142857
272,ck12_para_8,1,0.3157894736842105
273,ck12_para_11,1,0.4326241134751773
274,ck12_para_12,1,0.46153846153846156
275,ck12_para_14,1,0.43478260869565216
276,ck12_para_18,1,0.4230769230769231
277,ck12_para_19,1,0.5180722891566265
278,ck13_para_8,1,0.5074626865671642
279,ck13_para_28,1,0.4657534246575342
280,ck13_para_29,1,0.3137254901960784
281,ck14_para_11,1,0.34
282,ck14_para_12,1,0.41935483870967744
283,ck14_para_20,1,0.36
284,ck14_para_22,1,0.5081967213114754
285,ck14_para_25,1,0.4418604651162791
286,ck14_para_36,1,0.44155844155844154
287,ck15_para_4,1,0.421875
288,ck15_para_5,1,0.39603960396039606
289,ck15_para_8,1,0.40298507462686567
290,ck15_para_14,1,0.4634146341463415
291,ck15_para_15,1,0.4339622641509434
292,ck15_para_17,1,0.4146341463414634
293,ck15_para_38,1,0.3508771929824561
294,ck16_para_0,1,0.5491803278688525
295,ck16_para_4,1,0.4056603773584906
296,ck16_para_7,1,0.4344262295081967
297,ck16_para_12,1,0.4392523364485981
298,ck16_para_17,1,0.5972222222222222
299,ck16_para_21,1,0.5862068965517241
300,ck17_para_10,1,0.3877551020408163
301,ck17_para_13,1,0.3076923076923077
302,ck17_para_15,1,0.3380281690140845
303,ck17_para_17,1,0.3898305084745763
304,ck17_para_21,1,0.46875
305,ck17_para_50,1,0.4716981132075472
306,ck17_para_56,1,0.4939759036144578
307,ck18_para_3,1,0.3557692307692308
308,ck18_para_8,1,0.39622641509433965
309,ck18_para_9,1,0.3958333333333333
310,ck18_para_14,1,0.5357142857142857
311,ck18_para_15,1,0.4935064935064935
312,ck18_para_17,1,0.5076923076923077
313,ck18_para_22,1,0.46875
314,ck18_para_23,1,0.47297297297297297
315,ck18_para_27,1,0.44871794871794873
316,ck18_para_30,1,0.4939759036144578
317,ck18_para_32,1,0.4714285714285714
318,ck19_para_0,1,0.3968253968253968
319,ck19_para_2,1,0.48148148148148145
320,ck19_para_3,1,0.4588235294117647
321,ck19_para_4,1,0.41379310344827586
322,ck19_para_6,1,0.46808510638297873
323,ck19_para_13,1,0.42735042735042733
324,ck19_para_14,1,0.5
325,ck19_para_18,1,0.4117647058823529
326,ck19_para_19,1,0.4
327,ck20_para_2,1,0.44545454545454544
328,ck20_para_11,1,0.4444444444444444
329,ck20_para_31,1,0.4716981132075472
330,ck20_para_44,1,0.30357142857142855
331,ck21_para_5,1,0.4838709677419355
332,ck21_para_32,1,0.5319148936170213
333,ck21_para_38,1,0.5789473684210527
334,ck22_para_15,1,0.4878048780487805
335,ck24_para_0,1,0.4411764705882353
336,ck24_para_24,1,0.32558139534883723
337,ck24_para_40,1,0.3469387755102041
338,ck24_para_49,1,0.4444444444444444
339,ck24_para_56,1,0.3783783783783784
340,ck24_para_67,1,0.5
341,ck25_para_1,1,0.4161490683229814
342,ck26_para_2,1,0.3805309734513274
343,ck26_para_3,1,0.4205607476635514
344,ck26_para_4,1,0.4891304347826087
345,ck26_para_5,1,0.3723404255319149
346,ck26_para_35,1,0.3194444444444444
347,ck27_para_3,1,0.49019607843137253
348,ck27_para_7,1,0.46923076923076923
349,ck27_para_9,1,0.42201834862385323
350,ck28_para_0,1,0.4339622641509434
351,ck28_para_4,1,0.38095238095238093
352,ck28_para_6,1,0.40350877192982454
353,ck28_para_19,1,0.3953488372093023
354,ck28_para_22,1,0.4126984126984127
355,ck28_para_32,1,0.4230769230769231
356,ck28_para_39,1,0.2878787878787879
357,ck28_para_42,1,0.423728813559322
358,ck28_para_48,1,0.3333333333333333
359,ck29_para_3,1,0.4784172661870504
360,ck29_para_6,1,0.42857142857142855
361,ck29_para_9,1,0.3493975903614458
362,ck29_para_10,1,0.4726027397260274
363,ck29_para_13,1,0.5412844036697247
364,cl01_para_3,1,0.391304347826087
365,cl01_para_6,1,0.28205128205128205
366,cl01_para_35,1,0.4563106796116505
367,cl01_para_36,1,0.4383561643835616
368,cl02_para_13,1,0.4634146341463415
369,cl02_para_19,1,0.34210526315789475
370,cl02_para_22,1,0.32727272727272727
371,cl02_para_32,1,0.40860215053763443
372,cl02_para_47,1,0.38235294117647056
373,cl03_para_9,1,0.4375
374,cl03_para_10,1,0.5054945054945055
375,cl03_para_11,1,0.44776119402985076
376,cl03_para_14,1,0.3387096774193548
377,cl03_para_24,1,0.3793103448275862
378,cl03_para_43,1,0.3684210526315789
379,cl03_para_61,1,0.4074074074074074
380,cl04_para_21,1,0.45
381,cl04_para_24,1,0.43283582089552236
382,cl04_para_29,1,0.46511627906976744
383,cl04_para_34,1,0.3870967741935484
384,cl04_para_38,1,0.45454545454545453
385,cl05_para_23,1,0.32142857142857145
386,cl05_para_31,1,0.3116883116883117
387,cl05_para_33,1,0.358974358974359
388,cl05_para_44,1,0.43478260869565216
389,cl06_para_2,1,0.4666666666666667
390,cl06_para_3,1,0.4387755102040816
391,cl06_para_4,1,0.5064935064935064
392,cl06_para_9,1,0.5
393,cl06_para_13,1,0.4067796610169492
394,cl06_para_15,1,0.4246575342465753
395,cl06_para_18,1,0.43137254901960786
396,cl06_para_20,1,0.4603174603174603
397,cl06_para_23,1,0.48333333333333334
398,cl06_para_24,1,0.44285714285714284
399,cl06_para_26,1,0.43859649122807015
400,cl06_para_27,1,0.5
401,cl07_para_9,1,0.4672897196261682
402,cl07_para_14,1,0.30434782608695654
403,cl07_para_45,1,0.4838709677419355
404,cl07_para_51,1,0.42857142857142855
405,cl08_para_1,1,0.4069767441860465
406,cl08_para_2,1,0.5576923076923077
407,cl08_para_3,1,0.3333333333333333
408,cl08_para_21,1,0.3956043956043956
409,cl08_para_22,1,0.4124293785310734
410,cl09_para_0,1,0.3333333333333333
411,cl09_para_4,1,0.4626865671641791
412,cl09_para_10,1,0.33695652173913043
413,cl09_para_12,1,0.3956043956043956
414,cl09_para_20,1,0.42105263157894735
415,cl09_para_24,1,0.37209302325581395
416,cl09_para_26,1,0.4090909090909091
417,cl09_para_28,1,0.47058823529411764
418,cl09_para_32,1,0.46153846153846156
419,cl09_para_36,1,0.47692307692307695
420,cl10_para_1,1,0.3939393939393939
421,cl10_para_9,1,0.3220338983050847
422,cl10_para_27,1,0.2857142857142857
423,cl11_para_9,1,0.29545454545454547
424,cl11_para_25,1,0.36363636363636365
425,cl11_para_39,1,0.47863247863247865
426,cl12_para_3,1,0.425531914893617
427,cl12_para_8,1,0.4264705882352941
428,cl12_para_14,1,0.3611111111111111
429,cl12_para_20,1,0.46296296296296297
430,cl12_para_26,1,0.55
431,cl12_para_34,1,0.35294117647058826
432,cl12_para_36,1,0.5232558139534884
433,cl12_para_39,1,0.4307692307692308
434,cl12_para_43,1,0.44642857142857145
435,cl12_para_48,1,0.3275862068965517
436,cl12_para_49,1,0.36
437,cl13_para_14,1,0.3181818181818182
438,cl13_para_16,1,0.3142857142857143
439,cl13_para_30,1,0.4482758620689655
440,cl13_para_32,1,0.5094339622641509
441,cl13_para_33,1,0.38235294117647056
442,cl13_para_45,1,0.35294117647058826
443,cl13_para_47,1,0.3170731707317073
444,cl13_para_49,1,0.46153846153846156
445,cl14_para_0,1,0.38181818181818183
446,cl14_para_3,1,0.4742268041237113
447,cl14_para_20,1,0.4142857142857143
448,cl14_para_21,1,0.2839506172839506
449,cl14_para_22,1,0.4067796610169492
450,cl14_para_24,1,0.49230769230769234
451,cl14_para_28,1,0.19444444444444445
452,cl15_para_2,1,0.48484848484848486
453,cl15_para_17,1,0.40310077519379844
454,cl15_para_23,1,0.5
455,cl15_para_24,1,0.4126984126984127
456,cl15_para_42,1,0.43478260869565216
457,cl15_para_45,1,0.3111111111111111
458,cl16_para_2,1,0.3384615384615385
459,cl16_para_4,1,0.30952380952380953
460,cl16_para_12,1,0.3958333333333333
461,cl16_para_17,1,0.3137254901960784
462,cl16_para_28,1,0.38235294117647056
463,cl16_para_34,1,0.38571428571428573
464,cl17_para_6,1,0.42857142857142855
465,cl17_para_13,1,0.38461538461538464
466,cl17_para_28,1,0.4
467,cl17_para_33,1,0.3983050847457627
468,cl17_para_48,1,0.3548387096774194
469,cl18_para_1,1,0.48760330578512395
470,cl18_para_2,1,0.375
471,cl18_para_10,1,0.38235294117647056
472,cl18_para_17,1,0.4411764705882353
473,cl18_para_18,1,0.4431818181818182
474,cl18_para_19,1,0.47058823529411764
475,cl18_para_40,1,0.45098039215686275
476,cl18_para_42,1,0.5142857142857142
477,cl19_para_5,1,0.4
478,cl19_para_16,1,0.42857142857142855
479,cl19_para_17,1,0.34328358208955223
480,cl19_para_21,1,0.4222222222222222
481,cl19_para_29,1,0.47058823529411764
482,cl19_para_36,1,0.5
483,cl19_para_37,1,0.4791666666666667
484,cl19_para_39,1,0.55
485,cl20_para_3,1,0.4019607843137255
486,cl20_para_5,1,0.45652173913043476
487,cl20_para_7,1,0.4880952380952381
488,cl20_para_37,1,0.3157894736842105
489,cl20_para_50,1,0.42168674698795183
490,cl21_para_5,1,0.33962264150943394
491,cl21_para_6,1,0.4444444444444444
492,cl21_para_9,1,0.3684210526315789
493,cl21_para_25,1,0.4
494,cl21_para_56,1,0.46808510638297873
495,cl21_para_60,1,0.4117647058823529
496,cl22_para_1,1,0.3473684210526316
497,cl23_para_0,1,0.4782608695652174
498,cl23_para_28,1,0.4594594594594595
499,cl23_para_29,1,0.40816326530612246
500,cl23_para_35,1,0.4166666666666667
501,cl23_para_37,1,0.5189873417721519
502,cl24_para_3,1,0.4603174603174603
503,cl24_para_9,1,0.36363636363636365
504,cl24_para_10,1,0.5357142857142857
505,cl24_para_14,1,0.42857142857142855
506,cl24_para_21,1,0.3230769230769231
507,cl24_para_22,1,0.34375
508,cl24_para_23,1,0.28205128205128205
509,cl24_para_24,1,0.4918032786885246
510,cl24_para_25,1,0.4342105263157895
511,cl24_para_28,1,0.43636363636363634
512,cl24_para_29,1,0.38823529411764707
513,cl24_para_32,1,0.42528735632183906
514,cl24_para_35,1,0.41379310344827586
515,cl24_para_37,1,0.2653061224489796
516,cp01_para_14,1,0.48214285714285715
517,cp01_para_16,1,0.31666666666666665
518,cp01_para_21,1,0.6231884057971014
519,cp01_para_22,1,0.5
520,cp01_para_28,1,0.504950495049505
521,cp02_para_28,1,0.48672566371681414
522,cp02_para_39,1,0.42487046632124353
523,cp03_para_6,1,0.36764705882352944
524,cp03_para_8,1,0.2926829268292683
525,cp03_para_19,1,0.45454545454545453
526,cp03_para_24,1,0.2831858407079646
527,cp03_para_32,1,0.45
528,cp03_para_34,1,0.46153846153846156
529,cp03_para_42,1,0.3898305084745763
530,cp04_para_14,1,0.4745762711864407
531,cp04_para_15,1,0.43023255813953487
532,cp04_para_17,1,0.4098360655737705
533,cp04_para_19,1,0.36666666666666664
534,cp04_para_21,1,0.4375
535,cp04_para_22,1,0.35
536,cp04_para_29,1,0.42857142857142855
537,cp04_para_40,1,0.4594594594594595
538,cp05_para_1,1,0.4563106796116505
539,cp05_para_3,1,0.5446428571428571
540,cp05_para_11,1,0.3877551020408163
541,cp05_para_15,1,0.4
542,cp05_para_17,1,0.4945054945054945
543,cp05_para_24,1,0.3884297520661157
544,cp05_para_26,1,0.3888888888888889
545,cp06_para_10,1,0.4098360655737705
546,cp06_para_20,1,0.4155844155844156
547,cp06_para_23,1,0.4482758620689655
548,cp06_para_25,1,0.48717948717948717
549,cp06_para_28,1,0.30952380952380953
550,cp06_para_30,1,0.43243243243243246
551,cp06_para_31,1,0.5113636363636364
552,cp06_para_32,1,0.4166666666666667
553,cp06_para_33,1,0.42105263157894735
554,cp06_para_34,1,0.5346534653465347
555,cp06_para_39,1,0.4057971014492754
556,cp06_para_43,1,0.4807692307692308
557,cp07_para_20,1,0.4214876033057851
558,cp07_para_24,1,0.4230769230769231
559,cp07_para_25,1,0.36764705882352944
560,cp07_para_27,1,0.41379310344827586
561,cp07_para_28,1,0.4032258064516129
562,cp08_para_11,1,0.4
563,cp08_para_15,1,0.5128205128205128
564,cp09_para_0,1,0.3620689655172414
565,cp09_para_1,1,0.35185185185185186
566,cp09_para_2,1,0.4696969696969697
567,cp09_para_7,1,0.4789473684210526
568,cp10_para_4,1,0.3564356435643564
569,cp10_para_8,1,0.19607843137254902
570,cp10_para_9,1,0.42424242424242425
571,cp10_para_12,1,0.4027777777777778
572,cp10_para_13,1,0.35714285714285715
573,cp11_para_14,1,0.45038167938931295
574,cp11_para_18,1,0.41904761904761906
575,cp11_para_23,1,0.3235294117647059
576,cp11_para_24,1,0.31932773109243695
577,cp11_para_25,1,0.36363636363636365
578,cp11_para_26,1,0.41739130434782606
579,cp11_para_27,1,0.34210526315789475
580,cp11_para_29,1,0.42045454545454547
581,cp11_para_30,1,0.3617021276595745
582,cp12_para_37,1,0.3137254901960784
583,cp13_para_10,1,0.4523809523809524
584,cp13_para_11,1,0.5229357798165137
585,cp13_para_12,1,0.5
586,cp13_para_14,1,0.4098360655737705
587,cp13_para_26,1,0.5135135135135135
588,cp13_para_29,1,0.5402298850574713
589,cp13_para_33,1,0.5343511450381679
590,cp14_para_8,1,0.3333333333333333
591,cp14_para_10,1,0.23684210526315788
592,cp14_para_16,1,0.3617021276595745
593,cp14_para_18,1,0.35294117647058826
594,cp14_para_20,1,0.47540983606557374
595,cp14_para_29,1,0.36363636363636365
596,cp14_para_33,1,0.35294117647058826
597,cp14_para_40,1,0.2702702702702703
598,cp14_para_41,1,0.5277777777777778
599,cp14_para_46,1,0.26666666666666666
600,cp14_para_48,1,0.48
601,cp15_para_1,1,0.31746031746031744
602,cp15_para_8,1,0.32
603,cp15_para_9,1,0.3698630136986301
604,cp15_para_12,1,0.3333333333333333
605,cp15_para_14,1,0.3592233009708738
606,cp15_para_15,1,0.38636363636363635
607,cp15_para_27,1,0.4523809523809524
608,cp15_para_28,1,0.5277777777777778
609,cp15_para_30,1,0.49375
610,cp15_para_39,1,0.4117647058823529
611,cp15_para_42,1,0.41818181818181815
612,cp16_para_0,1,0.4883720930232558
613,cp16_para_3,1,0.41379310344827586
614,cp16_para_8,1,0.48214285714285715
615,cp16_para_35,1,0.3972602739726027
616,cp16_para_45,1,0.3939393939393939
617,cp16_para_46,1,0.328125
618,cp16_para_49,1,0.3780487804878049
619,cp16_para_55,1,0.5185185185185185
620,cp16_para_57,1,0.45977011494252873
621,cp17_para_2,1,0.2638888888888889
622,cp17_para_3,1,0.32592592592592595
623,cp17_para_5,1,0.31343283582089554
624,cp17_para_11,1,0.24561403508771928
625,cp17_para_12,1,0.4326923076923077
626,cp17_para_17,1,0.4519230769230769
627,cp17_para_24,1,0.32558139534883723
628,cp17_para_27,1,0.35555555555555557
629,cp18_para_2,1,0.37735849056603776
630,cp18_para_9,1,0.3333333333333333
631,cp18_para_11,1,0.2909090909090909
632,cp18_para_12,1,0.391304347826087
633,cp18_para_14,1,0.4157303370786517
634,cp18_para_16,1,0.4117647058823529
635,cp18_para_25,1,0.423728813559322
636,cp18_para_26,1,0.4157303370786517
637,cp18_para_33,1,0.3684210526315789
638,cp18_para_41,1,0.3090909090909091
639,cp18_para_43,1,0.4107142857142857
640,cp19_para_0,1,0.4230769230769231
641,cp19_para_2,1,0.35294117647058826
642,cp19_para_3,1,0.3411764705882353
643,cp19_para_4,1,0.44565217391304346
644,cp19_para_5,1,0.38666666666666666
645,cp19_para_11,1,0.5352112676056338
646,cp19_para_14,1,0.373134328358209
647,cp19_para_17,1,0.45
648,cp19_para_21,1,0.42
649,cp19_para_23,1,0.2857142857142857
650,cp19_para_27,1,0.4126984126984127
651,cp19_para_36,1,0.4262295081967213
652,cp19_para_42,1,0.3488372093023256
653,cp19_para_47,1,0.2857142857142857
654,cp20_para_0,1,0.5070422535211268
655,cp20_para_1,1,0.5641025641025641
656,cp20_para_2,1,0.44
657,cp20_para_12,1,0.3333333333333333
658,cp20_para_14,1,0.5
659,cp20_para_24,1,0.38461538461538464
660,cp20_para_32,1,0.3194444444444444
661,cp20_para_53,1,0.36585365853658536
662,cp21_para_2,1,0.5769230769230769
663,cp21_para_3,1,0.5271317829457365
664,cp21_para_9,1,0.4485981308411215
665,cp21_para_10,1,0.44545454545454544
666,cp22_para_2,1,0.425531914893617
667,cp22_para_6,1,0.4566929133858268
668,cp22_para_9,1,0.3333333333333333
669,cp22_para_43,1,0.36538461538461536
670,cp22_para_52,1,0.4936708860759494
671,cp22_para_53,1,0.43564356435643564
672,cp23_para_0,1,0.5268817204301075
673,cp23_para_6,1,0.4
674,cp23_para_14,1,0.5116279069767442
675,cp23_para_21,1,0.35294117647058826
676,cp23_para_22,1,0.4230769230769231
677,cp23_para_23,1,0.4878048780487805
678,cp23_para_45,1,0.3333333333333333
679,cp24_para_4,1,0.5125
680,cp24_para_7,1,0.5
681,cp24_para_10,1,0.45652173913043476
682,cp24_para_25,1,0.4819277108433735
683,cp24_para_26,1,0.5094339622641509
684,cp24_para_33,1,0.375
685,cp24_para_50,1,0.3709677419354839
686,cp25_para_0,1,0.38235294117647056
687,cp25_para_10,1,0.4049586776859504
688,cp25_para_11,1,0.4461538461538462
689,cp25_para_12,1,0.42138364779874216
690,cp25_para_13,1,0.32727272727272727
691,cp25_para_14,1,0.41025641025641024
692,cp25_para_17,1,0.26666666666666666
693,cp25_para_19,1,0.38823529411764707
694,cp25_para_26,1,0.47058823529411764
695,cp25_para_28,1,0.46099290780141844
696,cp26_para_2,1,0.49612403100775193
697,cp26_para_3,1,0.49700598802395207
698,cp26_para_10,1,0.4393939393939394
699,cp26_para_12,1,0.4
700,cp26_para_27,1,0.48695652173913045
701,cp26_para_33,1,0.43209876543209874
702,cp27_para_2,1,0.3125
703,cp27_para_3,1,0.38095238095238093
704,cp27_para_5,1,0.4939759036144578
705,cp27_para_7,1,0.42857142857142855
706,cp27_para_13,1,0.5316455696202531
707,cp27_para_16,1,0.38636363636363635
708,cp27_para_19,1,0.3898305084745763
709,cp27_para_22,1,0.4473684210526316
710,cp27_para_26,1,0.5535714285714286
711,cp27_para_56,1,0.391304347826087
712,cp27_para_65,1,0.34
713,cp28_para_6,1,0.43902439024390244
714,cp28_para_12,1,0.4074074074074074
715,cp28_para_14,1,0.4666666666666667
716,cp28_para_21,1,0.47058823529411764
717,cp28_para_22,1,0.38235294117647056
718,cp28_para_28,1,0.4857142857142857
719,cp28_para_34,1,0.43243243243243246
720,cp28_para_35,1,0.44680851063829785
721,cp28_para_41,1,0.4418604651162791
722,cp29_para_2,1,0.36792452830188677
723,cp29_para_6,1,0.5080645161290323
724,cp29_para_7,1,0.4444444444444444
725,cp29_para_9,1,0.4155844155844156
726,cp29_para_11,1,0.36363636363636365
727,cp29_para_13,1,0.46511627906976744
728,cp29_para_14,1,0.3188405797101449
729,cp29_para_15,1,0.47770700636942676
730,cp29_para_17,1,0.34375
731,cp29_para_29,1,0.27450980392156865
732,cm01_para_26,1,0.21951219512195122
733,cm01_para_30,1,0.30434782608695654
734,cm01_para_43,1,0.5625
735,cm01_para_56,1,0.4696969696969697
736,cm02_para_8,1,0.38028169014084506
737,cm02_para_10,1,0.367816091954023
738,cm02_para_17,1,0.3829787234042553
739,cm02_para_32,1,0.3275862068965517
740,cm02_para_35,1,0.5157894736842106
741,cm02_para_36,1,0.39285714285714285
742,cm03_para_5,1,0.41304347826086957
743,cm03_para_13,1,0.23880597014925373
744,cm03_para_20,1,0.4298245614035088
745,cm03_para_23,1,0.4482758620689655
746,cm03_para_30,1,0.38095238095238093
747,cm03_para_40,1,0.3684210526315789
748,cm03_para_46,1,0.3870967741935484
749,cm04_para_5,1,0.45569620253164556
750,cm04_para_6,1,0.43478260869565216
751,cm04_para_10,1,0.3829787234042553
752,cm04_para_23,1,0.3972602739726027
753,cm04_para_24,1,0.4411764705882353
754,cm04_para_25,1,0.32653061224489793
755,cm04_para_51,1,0.4605263157894737
756,cm04_para_69,1,0.30952380952380953
757,cm05_para_0,1,0.5161290322580645
758,cm05_para_4,1,0.514018691588785
759,cm05_para_37,1,0.45689655172413796
760,cm06_para_7,1,0.5952380952380952
761,cm06_para_31,1,0.42857142857142855
762,cm06_para_51,1,0.4574468085106383
763,cm06_para_59,1,0.3854166666666667
764,ch01_para_1,0,0.5816326530612245
765,ch02_para_16,0,0.5897435897435898
766,ch03_para_7,0,0.4152542372881356
767,ch03_para_8,0,0.391025641025641
768,ch03_para_15,0,0.4936708860759494
769,ch03_para_21,0,0.3163265306122449
770,ch04_para_20,0,0.5740740740740741
771,ch04_para_23,0,0.48
772,ch04_para_27,0,0.5446428571428571
773,ch04_para_28,0,0.44086021505376344
774,ch04_para_31,0,0.47692307692307695
775,ch05_para_25,0,0.4659090909090909
776,ch06_para_3,0,0.4827586206896552
777,ch06_para_15,0,0.3712121212121212
778,ch06_para_21,0,0.5254237288135594
779,ch07_para_2,0,0.48739495798319327
780,ch07_para_26,0,0.49586776859504134
781,ch07_para_38,0,0.5478260869565217
782,ch08_para_33,0,0.4214876033057851
783,ch10_para_1,0,0.20270270270270271
784,ch10_para_8,0,0.40404040404040403
785,ch10_para_20,0,0.36075949367088606
786,ch11_para_3,0,0.5263157894736842
787,ch11_para_4,0,0.5495495495495496
788,ch11_para_7,0,0.5180722891566265
789,ch11_para_8,0,0.48148148148148145
790,ch11_para_11,0,0.49707602339181284
791,ch11_para_12,0,0.3893805309734513
792,ch11_para_14,0,0.5663716814159292
793,ch13_para_2,0,0.4722222222222222
794,ch13_para_28,0,0.44554455445544555
795,ch14_para_0,0,0.4507042253521127
796,ch14_para_3,0,0.4639175257731959
797,ch14_para_6,0,0.45023696682464454
798,ch15_para_0,0,0.5
799,ch15_para_12,0,0.47619047619047616
800,ch15_para_13,0,0.5131578947368421
801,ch15_para_21,0,0.5681818181818182
802,ch15_para_25,0,0.4864864864864865
803,ch15_para_29,0,0.42105263157894735
804,ch15_para_30,0,0.5774647887323944
805,ch15_para_46,0,0.5362318840579711
806,ch16_para_0,0,0.4451219512195122
807,ch16_para_7,0,0.4166666666666667
808,ch16_para_13,0,0.425414364640884
809,ch16_para_16,0,0.3901098901098901
810,ch16_para_17,0,0.37777777777777777
811,ch16_para_18,0,0.4642857142857143
812,ch17_para_8,0,0.5121951219512195
813,ch17_para_11,0,0.4794520547945205
814,ch18_para_1,0,0.4676258992805755
815,ch18_para_3,0,0.5204081632653061
816,ch18_para_5,0,0.48
817,ch18_para_6,0,0.44
818,ch18_para_12,0,0.4888888888888889
819,ch18_para_13,0,0.45
820,ch18_para_14,0,0.4368932038834951
821,ch18_para_15,0,0.4700854700854701
822,ch18_para_17,0,0.48717948717948717
823,ch20_para_0,0,0.4945054945054945
824,ch20_para_11,0,0.5616438356164384
825,ch20_para_14,0,0.5851063829787234
826,ch20_para_32,0,0.49295774647887325
827,ch21_para_2,0,0.3977272727272727
828,ch21_para_27,0,0.4233576642335766
829,ch23_para_4,0,0.5111111111111111
830,ch24_para_3,0,0.4161073825503356
831,ch24_para_15,0,0.41975308641975306
832,ch24_para_16,0,0.48484848484848486
833,ch24_para_26,0,0.5072463768115942
834,ch24_para_31,0,0.4772727272727273
835,ch24_para_36,0,0.36764705882352944
836,ch25_para_2,0,0.35106382978723405
837,ch25_para_16,0,0.41624365482233505
838,ch25_para_17,0,0.4140625
839,ch25_para_21,0,0.39669421487603307
840,ch26_para_5,0,0.4507042253521127
841,ch26_para_13,0,0.3779527559055118
842,ch26_para_14,0,0.5205479452054794
843,ch27_para_12,0,0.7101449275362319
844,ch27_para_14,0,0.6097560975609756
845,ch27_para_15,0,0.4931506849315068
846,ch27_para_23,0,0.40425531914893614
847,ch27_para_24,0,0.45348837209302323
848,ch27_para_28,0,0.4444444444444444
849,ch27_para_32,0,0.46
850,ch27_para_33,0,0.3977272727272727
851,ch29_para_2,0,0.48091603053435117
852,ch29_para_3,0,0.5
853,ch29_para_5,0,0.4842105263157895
854,ch29_para_6,0,0.44375
855,ch29_para_16,0,0.26119402985074625
856,ch30_para_3,0,0.5662650602409639
857,ch30_para_16,0,0.5806451612903226
858,ch30_para_18,0,0.5555555555555556
859,ch30_para_19,0,0.5789473684210527
860,ch30_para_21,0,0.509090909090909
861,ch30_para_24,0,0.4943820224719101
862,ce01_para_9,0,0.4444444444444444
863,ce01_para_17,0,0.4772727272727273
864,ce02_para_0,0,0.4925373134328358
865,ce02_para_1,0,0.5256410256410257
866,ce02_para_6,0,0.6129032258064516
867,ce02_para_8,0,0.5
868,ce02_para_16,0,0.5517241379310345
869,ce02_para_23,0,0.47435897435897434
870,ce03_para_2,0,0.5137614678899083
871,ce03_para_19,0,0.4787234042553192
872,ce03_para_29,0,0.44696969696969696
873,ce04_para_2,0,0.34810126582278483
874,ce04_para_3,0,0.47058823529411764
875,ce04_para_4,0,0.40764331210191085
876,ce04_para_7,0,0.3333333333333333
877,ce04_para_15,0,0.4732824427480916
878,ce05_para_6,0,0.4166666666666667
879,ce06_para_1,0,0.49411764705882355
880,ce06_para_15,0,0.5833333333333334
881,ce06_para_18,0,0.5360824742268041
882,ce07_para_12,0,0.3917525773195876
883,ce07_para_15,0,0.3333333333333333
884,ce07_para_23,0,0.42016806722689076
885,ce07_para_24,0,0.52
886,ce08_para_1,0,0.4807692307692308
887,ce08_para_6,0,0.38
888,ce08_para_9,0,0.5531914893617021
889,ce08_para_13,0,0.5230769230769231
890,ce08_para_14,0,0.5614035087719298
891,ce08_para_22,0,0.5108695652173914
892,ce08_para_23,0,0.48936170212765956
893,ce08_para_25,0,0.46153846153846156
894,ce09_para_1,0,0.30434782608695654
895,ce09_para_4,0,0.4444444444444444
896,ce09_para_7,0,0.3523809523809524
897,ce09_para_16,0,0.24468085106382978
898,ce10_para_5,0,0.47706422018348627
899,ce10_para_35,0,0.4230769230769231
900,ce10_para_37,0,0.4444444444444444
901,ce10_para_39,0,0.4406779661016949
902,ce11_para_3,0,0.42857142857142855
903,ce11_para_5,0,0.4358974358974359
904,ce11_para_6,0,0.38524590163934425
905,ce11_para_8,0,0.40540540540540543
906,ce11_para_13,0,0.4117647058823529
907,ce11_para_16,0,0.4935064935064935
908,ce11_para_17,0,0.4782608695652174
909,ce11_para_18,0,0.5119047619047619
910,ce11_para_22,0,0.5057471264367817
911,ce12_para_0,0,0.4491525423728814
912,ce12_para_4,0,0.2692307692307692
913,ce12_para_12,0,0.23880597014925373
914,ce12_para_38,0,0.1188118811881188
915,ce13_para_0,0,0.4429530201342282
916,ce13_para_12,0,0.45454545454545453
917,ce13_para_14,0,0.42142857142857143
918,ce14_para_5,0,0.603448275862069
919,ce14_para_10,0,0.543859649122807
920,ce14_para_13,0,0.5192307692307693
921,ce14_para_16,0,0.4146341463414634
922,ce14_para_19,0,0.5252525252525253
923,ce14_para_20,0,0.4752475247524752
924,ce14_para_26,0,0.6071428571428571
925,ce15_para_6,0,0.5833333333333334
926,ce15_para_12,0,0.5074626865671642
927,ce15_para_15,0,0.5471698113207547
928,ce15_para_16,0,0.625
929,ce15_para_19,0,0.6578947368421053
930,ce16_para_2,0,0.5384615384615384
931,ce16_para_3,0,0.42727272727272725
932,ce16_para_6,0,0.5
933,ce16_para_9,0,0.43661971830985913
934,ce16_para_14,0,0.4868421052631579
935,ce16_para_16,0,0.42424242424242425
936,ce16_para_17,0,0.5185185185185185
937,ce16_para_20,0,0.52
938,ce16_para_23,0,0.48
939,ce17_para_0,0,0.49
940,ce17_para_5,0,0.42201834862385323
941,ce17_para_18,0,0.6018518518518519
942,ce18_para_11,0,0.3805970149253731
943,ce18_para_12,0,0.3956043956043956
944,ce18_para_18,0,0.42696629213483145
945,ce18_para_25,0,0.4036144578313253
946,ce19_para_1,0,0.5084745762711864
947,ce19_para_5,0,0.5315315315315315
948,ce19_para_26,0,0.5769230769230769
949,ce19_para_30,0,0.4782608695652174
950,ce20_para_1,0,0.5052631578947369
951,ce20_para_3,0,0.59375
952,ce20_para_11,0,0.5666666666666667
953,ce20_para_12,0,0.5526315789473685
954,ce20_para_13,0,0.5365853658536586
955,ce20_para_19,0,0.46938775510204084
956,ce20_para_20,0,0.45263157894736844
957,ce20_para_25,0,0.6
958,ce20_para_30,0,0.6527777777777778
959,ce20_para_31,0,0.5180722891566265
960,ce21_para_0,0,0.4626865671641791
961,ce21_para_1,0,0.5206611570247934
962,ce21_para_4,0,0.5419847328244275
963,ce21_para_10,0,0.5851063829787234
964,ce21_para_11,0,0.4857142857142857
965,ce21_para_12,0,0.5957446808510638
966,ce21_para_14,0,0.4672131147540984
967,ce21_para_15,0,0.5
968,ce21_para_18,0,0.5416666666666666
969,ce21_para_21,0,0.6060606060606061
970,ce21_para_22,0,0.5483870967741935
971,ce21_para_25,0,0.504424778761062
972,ce22_para_3,0,0.3076923076923077
973,ce22_para_7,0,0.5523809523809524
974,ce22_para_15,0,0.425
975,ce22_para_16,0,0.484472049689441
976,ce23_para_2,0,0.47863247863247865
977,ce23_para_8,0,0.528169014084507
978,ce23_para_12,0,0.5074626865671642
979,ce23_para_14,0,0.38095238095238093
980,ce23_para_20,0,0.22988505747126436
981,ce24_para_1,0,0.4189189189189189
982,ce24_para_4,0,0.4659090909090909
983,ce24_para_11,0,0.5675675675675675
984,ce25_para_7,0,0.5238095238095238
985,ce25_para_8,0,0.5071428571428571
986,ce25_para_15,0,0.55
987,ce25_para_18,0,0.375
988,ce25_para_20,0,0.5566037735849056
989,ce26_para_3,0,0.3482142857142857
990,ce27_para_9,0,0.5142857142857142
991,ce27_para_15,0,0.5
992,ce27_para_17,0,0.5161290322580645
993,ce27_para_18,0,0.7083333333333334
994,ce28_para_41,0,0.5512820512820513
995,ce29_para_12,0,0.5673076923076923
996,ce29_para_34,0,0.5503875968992248
997,ce30_para_2,0,0.46
998,ce30_para_52,0,0.4714285714285714
999,ce30_para_56,0,0.40625
1000,ce30_para_59,0,0.5483870967741935
1001,ce30_para_62,0,0.5730337078651685
1002,ce30_para_63,0,0.6071428571428571
1003,ce30_para_64,0,0.5277777777777778
1004,ce30_para_68,0,0.5925925925925926
1005,ce31_para_10,0,0.265625
1006,ce31_para_21,0,0.5425531914893617
1007,ce31_para_23,0,0.4479166666666667
1008,ce32_para_2,0,0.5
1009,ce32_para_8,0,0.45977011494252873
1010,ce32_para_20,0,0.5913978494623656
1011,ce32_para_27,0,0.5670103092783505
1012,ce33_para_2,0,0.4098360655737705
1013,ce33_para_6,0,0.45689655172413796
1014,ce33_para_8,0,0.504424778761062
1015,ce33_para_14,0,0.44545454545454544
1016,ce33_para_18,0,0.47191011235955055
1017,ce33_para_21,0,0.45588235294117646
1018,ce34_para_0,0,0.49032258064516127
1019,ce34_para_13,0,0.5368421052631579
1020,ce34_para_19,0,0.5588235294117647
1021,ce34_para_21,0,0.5975609756097561
1022,ce34_para_27,0,0.5855855855855856
1023,ce34_para_28,0,0.44036697247706424
1024,ce35_para_0,0,0.38636363636363635
1025,ce35_para_15,0,0.42028985507246375
1026,ce35_para_18,0,0.45054945054945056
1027,ce35_para_22,0,0.47368421052631576
1028,ce35_para_25,0,0.47413793103448276
1029,ce35_para_31,0,0.4369747899159664
1030,ce36_para_0,0,0.3708609271523179
1031,ce36_para_1,0,0.41818181818181815
1032,ce36_para_4,0,0.45180722891566266
1033,ce36_para_11,0,0.3611111111111111
1034,ce36_para_12,0,0.4049079754601227
1035,ce36_para_14,0,0.5272727272727272
1036,ce36_para_16,0,0.4530386740331492
1037,cj01_para_0,0,0.47572815533980584
1038,cj01_para_1,0,0.5
1039,cj01_para_2,0,0.5279503105590062
1040,cj02_para_1,0,0.6037735849056604
1041,cj02_para_7,0,0.5317460317460317
1042,cj02_para_11,0,0.5051546391752577
1043,cj03_para_3,0,0.46285714285714286
1044,cj03_para_4,0,0.4523809523809524
1045,cj03_para_5,0,0.47513812154696133
1046,cj03_para_8,0,0.4462809917355372
1047,cj03_para_14,0,0.5148514851485149
1048,cj04_para_6,0,0.4292237442922374
1049,cj04_para_10,0,0.4
1050,cj04_para_13,0,0.4691358024691358
1051,cj04_para_16,0,0.4583333333333333
1052,cj05_para_2,0,0.5544554455445545
1053,cj05_para_4,0,0.5583333333333333
1054,cj05_para_10,0,0.5526315789473685
1055,cj05_para_12,0,0.6140350877192983
1056,cj05_para_16,0,0.5964912280701754
1057,cj05_para_17,0,0.5342465753424658
1058,cj06_para_0,0,0.5
1059,cj06_para_4,0,0.5612244897959183
1060,cj06_para_7,0,0.5379310344827586
1061,cj06_para_9,0,0.49382716049382713
1062,cj06_para_10,0,0.5294117647058824
1063,cj06_para_11,0,0.5743243243243243
1064,cj07_para_0,0,0.4121212121212121
1065,cj07_para_1,0,0.43352601156069365
1066,cj07_para_2,0,0.5287356321839081
1067,cj07_para_3,0,0.4690265486725664
1068,cj07_para_5,0,0.44545454545454544
1069,cj07_para_6,0,0.4479166666666667
1070,cj07_para_7,0,0.3877551020408163
1071,cj07_para_8,0,0.4260869565217391
1072,cj08_para_1,0,0.5617977528089888
1073,cj08_para_3,0,0.6288659793814433
1074,cj08_para_4,0,0.5118110236220472
1075,cj08_para_5,0,0.550561797752809
1076,cj08_para_6,0,0.5118110236220472
1077,cj08_para_10,0,0.5070422535211268
1078,cj08_para_11,0,0.4782608695652174
1079,cj08_para_13,0,0.4492753623188406
1080,cj08_para_15,0,0.5344827586206896
1081,cj08_para_22,0,0.44954128440366975
1082,cj09_para_0,0,0.5271317829457365
1083,cj09_para_5,0,0.5045871559633027
1084,cj09_para_7,0,0.45695364238410596
1085,cj09_para_8,0,0.3795620437956204
1086,cj09_para_12,0,0.5583333333333333
1087,cj09_para_18,0,0.49624060150375937
1088,cj10_para_2,0,0.46938775510204084
1089,cj10_para_7,0,0.4426229508196721
1090,cj10_para_10,0,0.42567567567567566
1091,cj11_para_3,0,0.5137614678899083
1092,cj12_para_8,0,0.48333333333333334
1093,cj13_para_5,0,0.3816793893129771
1094,cj13_para_6,0,0.4393939393939394
1095,cj13_para_12,0,0.40707964601769914
1096,cj14_para_5,0,0.4764705882352941
1097,cj15_para_3,0,0.6
1098,cj15_para_12,0,0.5
1099,cj15_para_18,0,0.4943820224719101
1100,cj16_para_5,0,0.44171779141104295
1101,cj16_para_8,0,0.5611510791366906
1102,cj16_para_11,0,0.5294117647058824
1103,cj17_para_0,0,0.5546218487394958
1104,cj17_para_1,0,0.509090909090909
1105,cj17_para_4,0,0.5027027027027027
1106,cj17_para_8,0,0.6096256684491979
1107,cj17_para_12,0,0.5
1108,cj17_para_13,0,0.5376344086021505
1109,cj18_para_1,0,0.3873239436619718
1110,cj18_para_5,0,0.3783783783783784
1111,cj18_para_14,0,0.3516483516483517
1112,cj18_para_23,0,0.49523809523809526
1113,cj18_para_24,0,0.4523809523809524
1114,cj19_para_9,0,0.44
1115,cj19_para_10,0,0.41025641025641024
1116,cj20_para_0,0,0.5151515151515151
1117,cj20_para_4,0,0.4129032258064516
1118,cj20_para_20,0,0.38596491228070173
1119,cj20_para_23,0,0.4370860927152318
1120,cj21_para_3,0,0.3557692307692308
1121,cj21_para_9,0,0.4046511627906977
1122,cj21_para_10,0,0.35714285714285715
1123,cj21_para_15,0,0.37410071942446044
1124,cj22_para_2,0,0.5308641975308642
1125,cj22_para_4,0,0.5294117647058824
1126,cj22_para_5,0,0.5531914893617021
1127,cj22_para_6,0,0.5648148148148148
1128,cj23_para_1,0,0.5211267605633803
1129,cj23_para_4,0,0.5391304347826087
1130,cj23_para_5,0,0.5914634146341463
1131,cj23_para_12,0,0.5277777777777778
1132,cj24_para_0,0,0.5637583892617449
1133,cj24_para_3,0,0.5118110236220472
1134,cj24_para_6,0,0.5421052631578948
1135,cj24_para_8,0,0.5769230769230769
1136,cj26_para_2,0,0.59375
1137,cj26_para_11,0,0.5046728971962616
1138,cj26_para_13,0,0.32673267326732675
1139,cj27_para_6,0,0.5765765765765766
1140,cj27_para_7,0,0.5433526011560693
1141,cj27_para_8,0,0.4827586206896552
1142,cj27_para_9,0,0.3969465648854962
1143,cj27_para_11,0,0.5808823529411765
1144,cj27_para_12,0,0.4748201438848921
1145,cj28_para_2,0,0.32558139534883723
1146,cj28_para_4,0,0.358974358974359
1147,cj28_para_6,0,0.4421052631578947
1148,cj28_para_8,0,0.4567901234567901
1149,cj28_para_11,0,0.5333333333333333
1150,cj28_para_13,0,0.46218487394957986
1151,cj29_para_2,0,0.5409836065573771
1152,cj29_para_11,0,0.5855263157894737
1153,cj29_para_12,0,0.5555555555555556
1154,cj30_para_1,0,0.5046728971962616
1155,cj30_para_2,0,0.43820224719101125
1156,cj30_para_8,0,0.5289256198347108
1157,cj30_para_12,0,0.4444444444444444
1158,cj30_para_14,0,0.5154639175257731
1159,cj30_para_20,0,0.5942028985507246
1160,cj31_para_1,0,0.4407894736842105
1161,cj31_para_4,0,0.38782051282051283
1162,cj31_para_8,0,0.44396551724137934
1163,cj31_para_9,0,0.34782608695652173
1164,cj31_para_10,0,0.4830508474576271
1165,cj31_para_13,0,0.4413793103448276
1166,cj32_para_0,0,0.5267175572519084
1167,cj32_para_6,0,0.4166666666666667
1168,cj32_para_9,0,0.4855072463768116
1169,cj34_para_9,0,0.5098039215686274
1170,cj35_para_3,0,0.25252525252525254
1171,cj35_para_8,0,0.4065040650406504
1172,cj35_para_16,0,0.48175182481751827
1173,cj36_para_3,0,0.2905982905982906
1174,cj36_para_15,0,0.3963963963963964
1175,cj37_para_1,0,0.4326241134751773
1176,cj37_para_2,0,0.4311377245508982
1177,cj37_para_3,0,0.4294478527607362
1178,cj37_para_5,0,0.5257142857142857
1179,cj37_para_6,0,0.5210526315789473
1180,cj37_para_9,0,0.5294117647058824
1181,cj38_para_3,0,0.5692307692307692
1182,cj38_para_9,0,0.6354166666666666
1183,cj38_para_10,0,0.4387755102040816
1184,cj38_para_13,0,0.6346153846153846
1185,cj38_para_18,0,0.6146788990825688
1186,cj38_para_21,0,0.6509433962264151
1187,cj39_para_3,0,0.5076923076923077
1188,cj39_para_10,0,0.5700934579439252
1189,cj39_para_13,0,0.3956043956043956
1190,cj39_para_22,0,0.4864864864864865
1191,cj40_para_4,0,0.5752688172043011
1192,cj40_para_6,0,0.5795454545454546
1193,cj41_para_3,0,0.5070422535211268
1194,cj41_para_11,0,0.5480225988700564
1195,cj44_para_6,0,0.4765625
1196,cj44_para_12,0,0.5359477124183006
1197,cj44_para_13,0,0.5773195876288659
1198,cj44_para_14,0,0.5512820512820513
1199,cj45_para_2,0,0.4645669291338583
1200,cj45_para_5,0,0.47959183673469385
1201,cj45_para_15,0,0.45918367346938777
1202,cj45_para_16,0,0.3643410852713178
1203,cj45_para_28,0,0.3728813559322034
1204,cj45_para_31,0,0.4383561643835616
1205,cj46_para_3,0,0.5267857142857143
1206,cj46_para_18,0,0.37037037037037035
1207,cj46_para_20,0,0.48333333333333334
1208,cj47_para_1,0,0.581081081081081
1209,cj47_para_10,0,0.46551724137931033
1210,cj47_para_18,0,0.525
1211,cj48_para_11,0,0.45121951219512196
1212,cj48_para_18,0,0.4246575342465753
1213,cj48_para_22,0,0.4268292682926829
1214,cj49_para_0,0,0.5569620253164557
1215,cj49_para_3,0,0.5405405405405406
1216,cj49_para_5,0,0.4897959183673469
1217,cj49_para_11,0,0.543859649122807
1218,cj49_para_12,0,0.47580645161290325
1219,cj49_para_13,0,0.4430379746835443
1220,cj49_para_16,0,0.5188679245283019
1221,cj49_para_17,0,0.5702479338842975
1222,cj49_para_18,0,0.5225225225225225
1223,cj50_para_1,0,0.6074766355140186
1224,cj50_para_4,0,0.5114942528735632
1225,cj50_para_7,0,0.43946188340807174
1226,cj50_para_11,0,0.464
1227,cj51_para_0,0,0.5420560747663551
1228,cj51_para_4,0,0.449438202247191
1229,cj51_para_12,0,0.5263157894736842
1230,cj51_para_13,0,0.5104166666666666
1231,cj52_para_1,0,0.3963963963963964
1232,cj52_para_5,0,0.4444444444444444
1233,cj53_para_1,0,0.38144329896907214
1234,cj53_para_2,0,0.47280334728033474
1235,cj53_para_7,0,0.5050505050505051
1236,cj53_para_8,0,0.48325358851674644
1237,cj54_para_1,0,0.5409836065573771
1238,cj54_para_2,0,0.4602272727272727
1239,cj54_para_5,0,0.4857142857142857
1240,cj54_para_6,0,0.5075757575757576
1241,cj54_para_7,0,0.48695652173913045
1242,cj54_para_10,0,0.49019607843137253
1243,cj55_para_3,0,0.41904761904761906
1244,cj55_para_7,0,0.42857142857142855
1245,cj55_para_8,0,0.4482758620689655
1246,cj55_para_11,0,0.4140625
1247,cj55_para_14,0,0.41509433962264153
1248,cj55_para_15,0,0.424
1249,cj56_para_14,0,0.4251968503937008
1250,cj56_para_15,0,0.3050847457627119
1251,cj56_para_16,0,0.2916666666666667
1252,cj56_para_17,0,0.36923076923076925
1253,cj56_para_26,0,0.1839080459770115
1254,cj57_para_1,0,0.4657534246575342
1255,cj57_para_4,0,0.43609022556390975
1256,cj57_para_9,0,0.5246913580246914
1257,cj58_para_3,0,0.4214876033057851
1258,cj58_para_7,0,0.33783783783783783
1259,cj58_para_9,0,0.3798449612403101
1260,cj58_para_11,0,0.345679012345679
1261,cj58_para_13,0,0.3411764705882353
1262,cj59_para_1,0,0.5344827586206896
1263,cj59_para_3,0,0.5347222222222222
1264,cj59_para_4,0,0.505
1265,cj59_para_11,0,0.4330708661417323
1266,cj60_para_5,0,0.5234899328859061
1267,cj60_para_7,0,0.45
1268,cj60_para_8,0,0.49473684210526314
1269,cj60_para_9,0,0.4591194968553459
1270,cj60_para_13,0,0.4608695652173913
1271,cj61_para_3,0,0.3765432098765432
1272,cj61_para_5,0,0.49019607843137253
1273,cj61_para_6,0,0.49206349206349204
1274,cj62_para_4,0,0.4900662251655629
1275,cj62_para_5,0,0.5238095238095238
1276,cj62_para_10,0,0.4260355029585799
1277,cj63_para_1,0,0.3977272727272727
1278,cj63_para_10,0,0.5178571428571429
1279,cj64_para_0,0,0.48120300751879697
1280,cj64_para_2,0,0.4189189189189189
1281,cj64_para_10,0,0.5
1282,cj64_para_11,0,0.5131578947368421
1283,cj64_para_12,0,0.45544554455445546
1284,cj64_para_16,0,0.4351145038167939
1285,cj64_para_17,0,0.3916083916083916
1286,cj64_para_18,0,0.5
1287,cj64_para_24,0,0.4177215189873418
1288,cj65_para_0,0,0.375886524822695
1289,cj65_para_1,0,0.3837837837837838
1290,cj65_para_2,0,0.41509433962264153
1291,cj65_para_3,0,0.3615819209039548
1292,cj65_para_5,0,0.4306569343065693
1293,cj65_para_7,0,0.3275862068965517
1294,cj65_para_13,0,0.3629032258064516
1295,cj65_para_14,0,0.4015748031496063
1296,cj66_para_4,0,0.3723404255319149
1297,cj66_para_8,0,0.37037037037037035
1298,cj66_para_9,0,0.4235294117647059
1299,cj66_para_12,0,0.4666666666666667
1300,cj66_para_14,0,0.43023255813953487
1301,cj66_para_15,0,0.40310077519379844
1302,cj67_para_3,0,0.5642857142857143
1303,cj68_para_2,0,0.43621399176954734
1304,cj68_para_3,0,0.4260869565217391
1305,cj68_para_5,0,0.4194915254237288
1306,cj68_para_9,0,0.3881856540084388
1307,cj69_para_0,0,0.5104895104895105
1308,cj69_para_4,0,0.47413793103448276
1309,cj69_para_11,0,0.5471698113207547
1310,cj69_para_20,0,0.47863247863247865
1311,cj69_para_25,0,0.5526315789473685
1312,cj70_para_2,0,0.5679012345679012
1313,cj70_para_6,0,0.5227272727272727
1314,cj70_para_14,0,0.6190476190476191
1315,cj70_para_17,0,0.5271317829457365
1316,cj70_para_19,0,0.42105263157894735
1317,cj71_para_1,0,0.5714285714285714
1318,cj71_para_2,0,0.5072463768115942
1319,cj71_para_5,0,0.4188034188034188
1320,cj71_para_6,0,0.45045045045045046
1321,cj71_para_7,0,0.5384615384615384
1322,cj71_para_8,0,0.4594594594594595
1323,cj71_para_9,0,0.5679012345679012
1324,cj71_para_15,0,0.4108527131782946
1325,cj72_para_0,0,0.3853211009174312
1326,cj72_para_7,0,0.47282608695652173
1327,cj74_para_3,0,0.46808510638297873
1328,cj74_para_5,0,0.5784313725490197
1329,cj74_para_6,0,0.6274509803921569
1330,cj74_para_14,0,0.5892857142857143
1331,cj74_para_21,0,0.5679012345679012
1332,cj75_para_1,0,0.5454545454545454
1333,cj75_para_12,0,0.4774774774774775
1334,cj76_para_7,0,0.5891472868217055
1335,cj76_para_10,0,0.5371900826446281
1336,cj77_para_4,0,0.6386554621848739
1337,cj77_para_6,0,0.6125
1338,cj77_para_20,0,0.512396694214876
1339,cj77_para_21,0,0.5192307692307693
1340,cj77_para_26,0,0.44776119402985076
1341,cj78_para_17,0,0.5084745762711864
1342,cj78_para_29,0,0.5652173913043478
1343,cj79_para_1,0,0.5034013605442177
1344,cj79_para_8,0,0.3816793893129771
1345,cj79_para_9,0,0.411214953271028
1346,cj79_para_13,0,0.4596774193548387
1347,cj80_para_3,0,0.48148148148148145
1348,cj80_para_5,0,0.6195652173913043
1349,cj80_para_13,0,0.5568181818181818
1350,cj80_para_20,0,0.4714285714285714
1351,cj80_para_24,0,0.42857142857142855
1352,cj80_para_28,0,0.5132743362831859
1353,cj80_para_31,0,0.36666666666666664
1354,ca01_para_20,0,0.4722222222222222
1355,ca02_para_41,0,0.3888888888888889
1356,ca03_para_5,0,0.3875
1357,ca06_para_33,0,0.5
1358,ca06_para_45,0,0.36082474226804123
1359,ca07_para_42,0,0.4636363636363636
1360,ca08_para_17,0,0.29347826086956524
1361,ca09_para_62,0,0.3717948717948718
1362,ca10_para_36,0,0.2898550724637681
1363,ca11_para_54,0,0.35106382978723405
1364,ca12_para_34,0,0.3475609756097561
1365,ca14_para_32,0,0.48
1366,ca14_para_33,0,0.4878048780487805
1367,ca14_para_34,0,0.46551724137931033
1368,ca16_para_1,0,0.2375
1369,ca16_para_2,0,0.2682926829268293
1370,ca18_para_1,0,0.4177215189873418
1371,ca18_para_8,0,0.45454545454545453
1372,ca18_para_10,0,0.18333333333333332
1373,ca18_para_48,0,0.541095890410959
1374,ca19_para_3,0,0.5074626865671642
1375,ca21_para_26,0,0.19148936170212766
1376,ca23_para_35,0,0.11320754716981132
1377,ca23_para_49,0,0.1791044776119403
1378,ca24_para_8,0,0.379746835443038
1379,ca24_para_43,0,0.41836734693877553
1380,ca26_para_59,0,0.0
1381,ca28_para_2,0,0.6030534351145038
1382,ca28_para_7,0,0.33695652173913043
1383,ca28_para_13,0,0.4013605442176871
1384,ca29_para_30,0,0.5833333333333334
1385,ca30_para_30,0,0.48333333333333334
1386,ca30_para_43,0,0.25862068965517243
1387,ca31_para_6,0,0.2261904761904762
1388,ca31_para_30,0,0.17073170731707318
1389,ca31_para_34,0,0.23076923076923078
1390,ca32_para_6,0,0.41739130434782606
1391,ca32_para_8,0,0.39855072463768115
1392,ca32_para_10,0,0.3263157894736842
1393,ca32_para_21,0,0.3533834586466165
1394,ca32_para_29,0,0.46511627906976744
1395,ca34_para_14,0,0.5043478260869565
1396,ca34_para_18,0,0.47692307692307695
1397,ca34_para_20,0,0.42063492063492064
1398,ca34_para_22,0,0.3130434782608696
1399,ca34_para_25,0,0.42
1400,ca35_para_5,0,0.576
1401,ca35_para_7,0,0.4939759036144578
1402,ca35_para_12,0,0.5847457627118644
1403,ca35_para_13,0,0.4857142857142857
1404,ca35_para_14,0,0.5588235294117647
1405,ca36_para_4,0,0.5434782608695652
1406,ca36_para_6,0,0.49166666666666664
1407,ca36_para_7,0,0.44274809160305345
1408,ca36_para_9,0,0.4433497536945813
1409,ca36_para_16,0,0.42016806722689076
1410,ca36_para_24,0,0.5
1411,ca37_para_10,0,0.3972602739726027
1412,ca37_para_11,0,0.3151515151515151
1413,ca37_para_14,0,0.4132231404958678
1414,ca37_para_19,0,0.41739130434782606
1415,ca38_para_2,0,0.4537037037037037
1416,ca38_para_11,0,0.4330708661417323
1417,ca38_para_12,0,0.36036036036036034
1418,ca38_para_13,0,0.4090909090909091
1419,ca38_para_19,0,0.4883720930232558
1420,ca38_para_20,0,0.5480769230769231
1421,ca38_para_23,0,0.4090909090909091
1422,ca39_para_0,0,0.37857142857142856
1423,ca39_para_8,0,0.4
1424,ca39_para_11,0,0.42424242424242425
1425,ca39_para_23,0,0.43564356435643564
1426,ca39_para_24,0,0.49473684210526314
1427,ca39_para_27,0,0.4811320754716981
1428,ca40_para_9,0,0.36764705882352944
1429,ca40_para_10,0,0.4174757281553398
1430,ca40_para_12,0,0.3870967741935484
1431,ca40_para_13,0,0.32407407407407407
1432,ca40_para_17,0,0.40540540540540543
1433,ca41_para_1,0,0.4411764705882353
1434,ca41_para_2,0,0.427536231884058
1435,ca42_para_7,0,0.358974358974359
1436,ca42_para_8,0,0.32
1437,ca42_para_11,0,0.24096385542168675
1438,ca42_para_14,0,0.37681159420289856
1439,ca43_para_64,0,0.5254237288135594
1440,ca44_para_1,0,0.46875
1441,ca44_para_5,0,0.5531914893617021
1442,ca44_para_13,0,0.5178571428571429
1443,ca44_para_14,0,0.45774647887323944
1444,ca44_para_15,0,0.5952380952380952
1445,ca44_para_16,0,0.5619834710743802
1446,ca44_para_19,0,0.4358974358974359
1447,cc01_para_1,0,0.4444444444444444
1448,cc01_para_2,0,0.4819277108433735
1449,cc01_para_9,0,0.2972972972972973
1450,cc01_para_23,0,0.3584905660377358
1451,cc01_para_27,0,0.4342105263157895
1452,cc02_para_21,0,0.4745762711864407
1453,cc02_para_22,0,0.5161290322580645
1454,cc03_para_11,0,0.36904761904761907
1455,cc03_para_12,0,0.35714285714285715
1456,cc03_para_14,0,0.3560606060606061
1457,cc03_para_15,0,0.5
1458,cc03_para_17,0,0.5172413793103449
1459,cc03_para_35,0,0.41414141414141414
1460,cc03_para_36,0,0.4090909090909091
1461,cc04_para_40,0,0.4090909090909091
1462,cc05_para_8,0,0.48623853211009177
1463,cc05_para_15,0,0.35714285714285715
1464,cc05_para_16,0,0.31645569620253167
1465,cc05_para_20,0,0.425
1466,cc05_para_21,0,0.32786885245901637
1467,cc06_para_10,0,0.4626865671641791
1468,cc06_para_13,0,0.35714285714285715
1469,cc06_para_20,0,0.46
1470,cc07_para_1,0,0.40625
1471,cc07_para_13,0,0.4444444444444444
1472,cc07_para_44,0,0.4383561643835616
1473,cc10_para_2,0,0.47333333333333333
1474,cc10_para_4,0,0.5333333333333333
1475,cc10_para_8,0,0.41739130434782606
1476,cc10_para_20,0,0.4125
1477,cc10_para_22,0,0.4074074074074074
1478,cc10_para_33,0,0.29411764705882354
1479,cc11_para_10,0,0.42857142857142855
1480,cc11_para_14,0,0.38016528925619836
1481,cc11_para_16,0,0.27631578947368424
1482,cc11_para_26,0,0.4639175257731959
1483,cc11_para_28,0,0.3924050632911392
1484,cc12_para_16,0,0.6125
1485,cc13_para_2,0,0.24369747899159663
1486,cc13_para_8,0,0.5
1487,cc13_para_16,0,0.5142857142857142
1488,cc13_para_24,0,0.5
1489,cc13_para_29,0,0.42857142857142855
1490,cc14_para_17,0,0.4954128440366973
1491,cc14_para_18,0,0.4857142857142857
1492,cc14_para_20,0,0.3917525773195876
1493,cc15_para_2,0,0.3655913978494624
1494,cc15_para_5,0,0.2727272727272727
1495,cc15_para_12,0,0.4260869565217391
1496,cc15_para_25,0,0.5058823529411764
1497,cc15_para_31,0,0.4368932038834951
1498,cc15_para_32,0,0.48
1499,cc16_para_0,0,0.3482142857142857
1500,cc16_para_10,0,0.41333333333333333
1501,cc16_para_12,0,0.5222222222222223
1502,cc16_para_15,0,0.3815789473684211
1503,cc16_para_16,0,0.4583333333333333
1504,cc16_para_17,0,0.3466666666666667
1505,cc16_para_20,0,0.4818181818181818
1506,cc17_para_2,0,0.4789915966386555
1507,cc17_para_3,0,0.45454545454545453
1508,cc17_para_17,0,0.4375
1509,cc17_para_24,0,0.47586206896551725
